-- phpMyAdmin SQL Dump
-- version 4.8.5
-- https://www.phpmyadmin.net/
--
-- Host: localhost
-- Generation Time: May 09, 2019 at 06:48 PM
-- Server version: 10.1.38-MariaDB
-- PHP Version: 7.2.16

SET SQL_MODE = "NO_AUTO_VALUE_ON_ZERO";
SET AUTOCOMMIT = 0;
START TRANSACTION;
SET time_zone = "+00:00";


/*!40101 SET @OLD_CHARACTER_SET_CLIENT=@@CHARACTER_SET_CLIENT */;
/*!40101 SET @OLD_CHARACTER_SET_RESULTS=@@CHARACTER_SET_RESULTS */;
/*!40101 SET @OLD_COLLATION_CONNECTION=@@COLLATION_CONNECTION */;
/*!40101 SET NAMES utf8mb4 */;

--
-- Database: `transaccional_sgi`
--

-- --------------------------------------------------------

--
-- Table structure for table `categorias`
--

CREATE TABLE `categorias` (
  `id` int(10) UNSIGNED NOT NULL,
  `nombre_categoria` varchar(191) COLLATE utf8mb4_unicode_ci NOT NULL,
  `descripcion` varchar(191) COLLATE utf8mb4_unicode_ci NOT NULL,
  `imagen` varchar(191) COLLATE utf8mb4_unicode_ci DEFAULT NULL
) ENGINE=InnoDB DEFAULT CHARSET=utf8mb4 COLLATE=utf8mb4_unicode_ci;

--
-- Dumping data for table `categorias`
--

INSERT INTO `categorias` (`id`, `nombre_categoria`, `descripcion`, `imagen`) VALUES
(1, 'Bolleria', 'Bolleria', NULL),
(2, 'Empanadillas', 'Empanadillas', NULL),
(3, 'Gourmet', 'Gourmet', NULL),
(4, 'Pan', 'Pan', NULL),
(5, 'Tartas', 'Tartas', NULL),
(6, 'Pastelería', 'Pastelería', NULL),
(7, 'Repostería', 'Repostería', NULL),
(8, 'Pan Dulce', 'Pan Dulce', NULL),
(9, 'Bebidas Frías', 'Bebidas Frías', NULL),
(10, 'Bebidas Calientes', 'Bebidas Calientes', NULL);

-- --------------------------------------------------------

--
-- Table structure for table `compras`
--

CREATE TABLE `compras` (
  `id` int(10) UNSIGNED NOT NULL,
  `materia_prima_id` int(10) UNSIGNED NOT NULL,
  `proveedor_id` int(10) UNSIGNED NOT NULL,
  `cantidad` int(11) NOT NULL,
  `costo_compra` decimal(8,2) NOT NULL,
  `created_at` timestamp NULL DEFAULT NULL,
  `updated_at` timestamp NULL DEFAULT NULL
) ENGINE=InnoDB DEFAULT CHARSET=utf8mb4 COLLATE=utf8mb4_unicode_ci;

--
-- Dumping data for table `compras`
--

INSERT INTO `compras` (`id`, `materia_prima_id`, `proveedor_id`, `cantidad`, `costo_compra`, `created_at`, `updated_at`) VALUES
(1, 1, 1, 100, '8.50', '2019-02-20 16:34:40', NULL),
(2, 2, 3, 100, '8.50', '2019-02-20 16:34:40', NULL),
(3, 3, 2, 100, '8.50', '2019-02-20 16:34:40', NULL),
(4, 3, 3, 100, '8.50', '2019-02-20 16:34:40', NULL),
(5, 3, 3, 100, '8.50', '2019-02-20 16:34:40', NULL),
(6, 4, 3, 100, '8.50', '2019-02-20 16:34:40', NULL),
(7, 3, 4, 100, '8.50', '2019-02-20 16:34:40', NULL),
(8, 3, 4, 100, '8.50', '2019-02-20 16:34:40', NULL),
(9, 5, 5, 100, '8.50', '2019-02-20 16:34:40', NULL),
(10, 2, 2, 100, '8.50', '2019-02-20 16:34:40', NULL),
(11, 1, 1, 100, '8.50', '2019-02-20 16:34:40', NULL),
(12, 1, 1, 100, '8.50', '2019-02-20 16:34:40', NULL),
(13, 1, 1, 100, '8.50', '2019-02-20 16:34:40', NULL),
(14, 1, 1, 100, '8.50', '2019-02-20 16:34:40', NULL),
(15, 2, 7, 100, '8.50', '2019-02-20 16:34:40', NULL),
(16, 1, 1, 100, '8.50', '2019-02-20 16:34:40', NULL),
(17, 1, 1, 100, '8.50', '2019-02-20 16:34:40', NULL),
(18, 3, 7, 100, '8.50', '2019-02-20 16:34:40', NULL),
(19, 1, 4, 100, '8.50', '2019-02-20 16:34:40', NULL),
(20, 4, 3, 100, '8.50', '2019-02-20 16:34:40', NULL),
(21, 1, 1, 100, '8.50', '2018-12-20 16:34:40', NULL),
(22, 1, 2, 100, '8.50', '2018-12-20 16:34:40', NULL),
(23, 1, 1, 100, '8.50', '2018-12-20 16:34:40', NULL),
(24, 1, 1, 100, '8.50', '2018-12-20 16:34:40', NULL),
(25, 1, 1, 100, '8.50', '2018-12-20 16:34:40', NULL),
(26, 1, 1, 100, '8.50', '2018-12-20 16:34:40', NULL),
(27, 1, 1, 100, '8.50', '2018-12-20 16:34:40', NULL),
(28, 1, 1, 100, '8.50', '2018-12-20 16:34:40', NULL),
(29, 1, 1, 100, '8.50', '2018-12-20 16:34:40', NULL),
(30, 1, 1, 100, '8.50', '2018-12-20 16:34:40', NULL),
(31, 1, 3, 100, '8.50', '2019-01-20 16:34:40', NULL),
(32, 1, 4, 100, '8.50', '2019-01-20 16:34:40', NULL),
(33, 1, 5, 100, '8.50', '2019-01-20 16:34:40', NULL),
(34, 1, 7, 100, '8.50', '2019-01-20 16:34:40', NULL),
(35, 1, 7, 100, '8.50', '2019-01-20 16:34:40', NULL),
(36, 1, 2, 100, '8.50', '2019-01-20 16:34:40', NULL),
(37, 1, 1, 100, '8.50', '2019-01-20 16:34:40', NULL),
(38, 1, 5, 100, '8.50', '2019-01-20 16:34:40', NULL),
(39, 1, 1, 100, '8.50', '2019-01-20 16:34:40', NULL);
-- --------------------------------------------------------

--
-- Table structure for table `detalles_orden`
--

CREATE TABLE `detalles_orden` (
  `id` int(10) UNSIGNED NOT NULL,
  `orden_id` int(10) UNSIGNED NOT NULL,
  `producto_id` int(10) UNSIGNED NOT NULL,
  `cantidad_producto` int(11) NOT NULL,
  `total_parcial` decimal(8,2) NOT NULL,
  `created_at` timestamp NULL DEFAULT NULL,
  `updated_at` timestamp NULL DEFAULT NULL
) ENGINE=InnoDB DEFAULT CHARSET=utf8mb4 COLLATE=utf8mb4_unicode_ci;

--
-- Dumping data for table `detalles_orden`
--

INSERT INTO `detalles_orden` (`id`, `orden_id`, `producto_id`, `cantidad_producto`, `total_parcial`, `created_at`, `updated_at`) VALUES
(1, 87, 3, 4, '4.00', '2018-11-20 11:23:36', '2018-11-20 11:23:36'),
(2, 17, 30, 8, '24.00', '2018-09-25 22:28:45', '2018-09-25 22:28:45'),
(3, 38, 17, 8, '24.00', '2019-02-14 22:29:47', '2019-02-14 22:29:47'),
(4, 59, 40, 10, '36.00', '2019-05-05 22:37:17', '2019-05-05 22:37:17'),
(5, 55, 18, 6, '18.00', '2019-02-27 11:00:39', '2019-02-27 11:00:39'),
(6, 50, 30, 2, '6.00', '2018-09-12 18:06:12', '2018-09-12 18:06:12'),
(7, 31, 10, 9, '27.00', '2019-04-03 08:34:41', '2019-04-03 08:34:41'),
(8, 83, 24, 10, '25.00', '2019-05-03 17:35:35', '2019-05-03 17:35:35'),
(9, 38, 4, 10, '32.50', '2019-02-14 22:29:47', '2019-02-14 22:29:47'),
(10, 81, 47, 4, '10.00', '2018-09-18 15:06:58', '2018-09-18 15:06:58'),
(11, 81, 25, 6, '17.94', '2018-09-18 15:06:58', '2018-09-18 15:06:58'),
(12, 67, 46, 2, '7.00', '2018-08-26 13:45:03', '2018-08-26 13:45:03'),
(15, 65, 19, 9, '27.00', '2019-03-13 15:16:30', '2019-03-13 15:16:30'),
(16, 91, 10, 7, '25.20', '2018-10-16 02:54:11', '2018-10-16 02:54:11'),
(17, 41, 48, 5, '12.50', '2019-03-16 05:34:20', '2019-03-16 05:34:20'),
(18, 7, 26, 8, '24.00', '2018-10-15 16:25:11', '2018-10-15 16:25:11'),
(19, 82, 33, 3, '7.50', '2018-10-21 11:35:55', '2018-10-21 11:35:55'),
(20, 49, 44, 10, '30.00', '2019-01-01 23:57:07', '2019-01-01 23:57:07'),
(21, 30, 10, 3, '9.00', '2019-01-30 06:17:56', '2019-01-30 06:17:56'),
(22, 9, 3, 1, '3.00', '2019-05-05 23:21:37', '2019-05-05 23:21:37'),
(23, 54, 23, 4, '14.00', '2019-04-04 22:32:53', '2019-04-04 22:32:53'),
(24, 27, 49, 1, '3.00', '2019-04-02 12:41:35', '2019-04-02 12:41:35'),
(25, 39, 45, 4, '12.00', '2018-12-12 07:48:06', '2018-12-12 07:48:06'),
(26, 60, 42, 8, '8.00', '2019-04-19 12:26:53', '2019-04-19 12:26:53'),
(27, 51, 38, 8, '24.00', '2018-09-04 00:20:23', '2018-09-04 00:20:23'),
(28, 15, 28, 5, '15.00', '2019-05-07 13:13:41', '2019-05-07 13:13:41'),
(29, 9, 46, 9, '27.00', '2019-05-05 23:21:37', '2019-05-05 23:21:37'),
(30, 87, 25, 7, '24.50', '2018-11-20 11:23:36', '2018-11-20 11:23:36'),
(31, 53, 6, 6, '18.00', '2018-10-11 21:13:49', '2018-10-11 21:13:49'),
(32, 22, 9, 5, '15.00', '2018-10-30 03:55:37', '2018-10-30 03:55:37'),
(33, 20, 51, 7, '21.00', '2019-04-24 15:46:57', '2019-04-24 15:46:57'),
(34, 29, 46, 7, '7.00', '2019-01-27 09:18:14', '2019-01-27 09:18:14'),
(35, 38, 40, 7, '21.00', '2019-02-14 22:29:47', '2019-02-14 22:29:47'),
(36, 98, 10, 10, '30.00', '2019-04-25 11:30:15', '2019-04-25 11:30:15'),
(37, 25, 29, 9, '27.00', '2018-12-19 14:55:53', '2018-12-19 14:55:53'),
(38, 61, 37, 9, '27.00', '2018-10-22 21:12:39', '2018-10-22 21:12:39'),
(39, 87, 50, 5, '15.00', '2018-11-20 11:23:36', '2018-11-20 11:23:36'),
(40, 27, 16, 6, '9.00', '2019-04-02 12:41:35', '2019-04-02 12:41:35'),
(41, 73, 18, 5, '12.50', '2018-12-22 05:02:58', '2018-12-22 05:02:58'),
(42, 97, 42, 5, '15.00', '2018-08-12 09:53:08', '2018-08-12 09:53:08'),
(43, 91, 23, 5, '7.50', '2018-10-16 02:54:11', '2018-10-16 02:54:11'),
(44, 9, 7, 4, '14.00', '2019-05-05 23:21:37', '2019-05-05 23:21:37'),
(45, 69, 45, 6, '18.00', '2018-12-30 14:55:03', '2018-12-30 14:55:03'),
(46, 32, 24, 4, '6.00', '2018-09-03 09:04:54', '2018-09-03 09:04:54'),
(47, 29, 45, 10, '30.00', '2019-01-27 09:18:14', '2019-01-27 09:18:14'),
(48, 86, 47, 5, '17.50', '2018-09-28 00:38:16', '2018-09-28 00:38:16'),
(49, 94, 7, 6, '18.00', '2018-11-21 08:55:07', '2018-11-21 08:55:07'),
(50, 34, 21, 2, '6.00', '2019-04-10 07:15:36', '2019-04-10 07:15:36'),
(51, 51, 7, 4, '12.00', '2018-09-04 00:20:23', '2018-09-04 00:20:23'),
(52, 62, 36, 7, '10.50', '2018-08-19 17:55:01', '2018-08-19 17:55:01'),
(53, 34, 8, 7, '21.00', '2019-04-10 07:15:36', '2019-04-10 07:15:36'),
(54, 43, 13, 7, '23.45', '2018-09-30 23:20:19', '2018-09-30 23:20:19'),
(55, 28, 40, 3, '9.00', '2018-08-13 15:39:46', '2018-08-13 15:39:46'),
(56, 33, 12, 9, '90.00', '2019-04-20 16:53:15', '2019-04-20 16:53:15'),
(57, 70, 25, 6, '21.00', '2018-11-24 17:42:42', '2018-11-24 17:42:42'),
(58, 49, 34, 6, '21.00', '2019-01-01 23:57:07', '2019-01-01 23:57:07'),
(59, 35, 3, 4, '10.00', '2019-04-02 05:03:53', '2019-04-02 05:03:53'),
(61, 2, 3, 9, '31.50', '2018-09-22 20:31:23', '2018-09-22 20:31:23'),
(62, 35, 27, 1, '3.35', '2019-04-02 05:03:53', '2019-04-02 05:03:53'),
(63, 24, 45, 1, '3.00', '2019-02-06 03:28:53', '2019-02-06 03:28:53'),
(65, 37, 22, 1, '3.00', '2018-10-22 22:45:40', '2018-10-22 22:45:40'),
(66, 30, 32, 3, '7.50', '2019-01-30 06:17:56', '2019-01-30 06:17:56'),
(67, 55, 37, 8, '12.00', '2019-02-27 11:00:39', '2019-02-27 11:00:39'),
(68, 2, 7, 9, '31.50', '2018-09-22 20:31:23', '2018-09-22 20:31:23'),
(69, 8, 24, 3, '10.80', '2018-09-30 21:09:13', '2018-09-30 21:09:13'),
(70, 23, 28, 5, '15.00', '2018-09-28 18:38:25', '2018-09-28 18:38:25'),
(71, 67, 37, 2, '6.00', '2018-08-26 13:45:03', '2018-08-26 13:45:03'),
(72, 72, 23, 9, '27.00', '2019-02-22 18:03:59', '2019-02-22 18:03:59'),
(73, 43, 18, 6, '18.00', '2018-09-30 23:20:19', '2018-09-30 23:20:19'),
(74, 99, 12, 5, '3.75', '2018-09-03 17:04:45', '2018-09-03 17:04:45'),
(75, 15, 15, 3, '7.50', '2019-05-07 13:13:41', '2019-05-07 13:13:41'),
(76, 31, 47, 7, '23.45', '2019-04-03 08:34:41', '2019-04-03 08:34:41'),
(77, 62, 17, 1, '3.00', '2018-08-19 17:55:01', '2018-08-19 17:55:01'),
(78, 47, 14, 7, '25.20', '2018-12-13 12:57:02', '2018-12-13 12:57:02'),
(79, 61, 22, 5, '7.50', '2018-10-22 21:12:39', '2018-10-22 21:12:39'),
(80, 48, 37, 5, '12.50', '2018-11-12 08:22:59', '2018-11-12 08:22:59'),
(81, 85, 44, 9, '22.50', '2018-11-25 08:28:12', '2018-11-25 08:28:12'),
(82, 22, 45, 6, '9.00', '2018-10-30 03:55:37', '2018-10-30 03:55:37'),
(84, 38, 21, 6, '4.50', '2019-02-14 22:29:47', '2019-02-14 22:29:47'),
(85, 34, 17, 10, '15.00', '2019-04-10 07:15:36', '2019-04-10 07:15:36'),
(86, 48, 8, 4, '4.00', '2018-11-12 08:22:59', '2018-11-12 08:22:59'),
(87, 36, 14, 6, '9.00', '2019-03-18 06:09:35', '2019-03-18 06:09:35'),
(88, 88, 14, 4, '13.40', '2018-12-14 18:48:34', '2018-12-14 18:48:34'),
(89, 2, 31, 2, '6.00', '2018-09-22 20:31:23', '2018-09-22 20:31:23'),
(90, 37, 15, 9, '27.00', '2018-10-22 22:45:40', '2018-10-22 22:45:40'),
(91, 45, 47, 1, '0.75', '2018-12-31 07:30:24', '2018-12-31 07:30:24'),
(92, 8, 21, 10, '30.00', '2018-09-30 21:09:13', '2018-09-30 21:09:13'),
(94, 21, 28, 4, '12.00', '2018-09-19 04:37:22', '2018-09-19 04:37:22'),
(96, 50, 9, 10, '30.00', '2018-09-12 18:06:12', '2018-09-12 18:06:12'),
(97, 53, 28, 8, '12.00', '2018-10-11 21:13:49', '2018-10-11 21:13:49'),
(98, 13, 51, 1, '3.00', '2018-10-06 18:16:13', '2018-10-06 18:16:13'),
(99, 22, 37, 7, '21.00', '2018-10-30 03:55:37', '2018-10-30 03:55:37'),
(100, 100, 43, 6, '4.50', '2019-03-14 04:53:06', '2019-03-14 04:53:06'),
(101, 76, 10, 8, '24.00', '2018-09-16 04:44:09', '2018-09-16 04:44:09'),
(102, 65, 43, 4, '12.00', '2019-03-13 15:16:30', '2019-03-13 15:16:30'),
(103, 77, 37, 6, '18.00', '2018-11-17 20:08:36', '2018-11-17 20:08:36'),
(104, 88, 51, 1, '3.00', '2018-12-14 18:48:34', '2018-12-14 18:48:34'),
(105, 34, 3, 8, '80.00', '2019-04-10 07:15:36', '2019-04-10 07:15:36'),
(106, 51, 23, 6, '15.00', '2018-09-04 00:20:23', '2018-09-04 00:20:23'),
(107, 19, 37, 4, '12.00', '2018-09-15 22:50:00', '2018-09-15 22:50:00'),
(108, 65, 22, 5, '15.00', '2019-03-13 15:16:30', '2019-03-13 15:16:30'),
(110, 18, 51, 3, '10.50', '2018-08-17 17:56:36', '2018-08-17 17:56:36'),
(111, 47, 41, 6, '20.10', '2018-12-13 12:57:02', '2018-12-13 12:57:02'),
(112, 25, 3, 4, '12.00', '2018-12-19 14:55:53', '2018-12-19 14:55:53'),
(113, 47, 37, 5, '15.00', '2018-12-13 12:57:02', '2018-12-13 12:57:02'),
(114, 2, 12, 8, '24.00', '2018-09-22 20:31:23', '2018-09-22 20:31:23'),
(115, 18, 48, 10, '30.00', '2018-08-17 17:56:36', '2018-08-17 17:56:36'),
(116, 63, 6, 8, '24.00', '2018-12-07 04:33:43', '2018-12-07 04:33:43'),
(117, 14, 38, 7, '21.00', '2019-01-27 17:05:47', '2019-01-27 17:05:47'),
(118, 9, 29, 10, '30.00', '2019-05-05 23:21:37', '2019-05-05 23:21:37'),
(119, 47, 17, 9, '27.00', '2018-12-13 12:57:02', '2018-12-13 12:57:02'),
(120, 7, 36, 1, '3.50', '2018-10-15 16:25:11', '2018-10-15 16:25:11'),
(121, 52, 36, 1, '3.35', '2018-12-27 05:12:41', '2018-12-27 05:12:41'),
(122, 63, 23, 7, '21.00', '2018-12-07 04:33:43', '2018-12-07 04:33:43'),
(123, 7, 28, 9, '27.00', '2018-10-15 16:25:11', '2018-10-15 16:25:11'),
(124, 95, 27, 1, '3.00', '2019-03-09 01:13:11', '2019-03-09 01:13:11'),
(125, 72, 2, 2, '6.00', '2019-02-22 18:03:59', '2019-02-22 18:03:59'),
(126, 15, 50, 7, '21.00', '2019-05-07 13:13:41', '2019-05-07 13:13:41'),
(127, 43, 18, 1, '3.00', '2018-09-30 23:20:19', '2018-09-30 23:20:19'),
(128, 53, 48, 4, '12.00', '2018-10-11 21:13:49', '2018-10-11 21:13:49'),
(129, 26, 29, 8, '20.00', '2019-04-22 22:09:09', '2019-04-22 22:09:09'),
(130, 2, 9, 2, '6.00', '2018-09-22 20:31:23', '2018-09-22 20:31:23'),
(131, 31, 30, 4, '12.00', '2019-04-03 08:34:41', '2019-04-03 08:34:41'),
(132, 90, 22, 6, '18.00', '2018-08-20 03:12:26', '2018-08-20 03:12:26'),
(133, 83, 33, 6, '15.00', '2019-05-03 17:35:35', '2019-05-03 17:35:35'),
(134, 52, 49, 6, '21.00', '2018-12-27 05:12:41', '2018-12-27 05:12:41'),
(136, 46, 28, 6, '18.00', '2019-04-30 19:17:45', '2019-04-30 19:17:45'),
(137, 36, 34, 8, '28.00', '2019-03-18 06:09:35', '2019-03-18 06:09:35'),
(138, 88, 10, 2, '5.00', '2018-12-14 18:48:34', '2018-12-14 18:48:34'),
(139, 6, 13, 8, '28.00', '2019-01-05 08:49:28', '2019-01-05 08:49:28'),
(140, 81, 50, 10, '30.00', '2018-09-18 15:06:58', '2018-09-18 15:06:58'),
(141, 43, 1, 8, '24.00', '2018-09-30 23:20:19', '2018-09-30 23:20:19'),
(142, 94, 7, 9, '13.50', '2018-11-21 08:55:07', '2018-11-21 08:55:07'),
(143, 46, 14, 7, '21.00', '2019-04-30 19:17:45', '2019-04-30 19:17:45'),
(144, 41, 14, 5, '14.95', '2019-03-16 05:34:20', '2019-03-16 05:34:20'),
(145, 85, 5, 10, '30.00', '2018-11-25 08:28:12', '2018-11-25 08:28:12'),
(146, 57, 28, 4, '12.00', '2018-10-06 09:20:33', '2018-10-06 09:20:33'),
(147, 82, 7, 5, '15.00', '2018-10-21 11:35:55', '2018-10-21 11:35:55'),
(148, 42, 21, 6, '60.00', '2019-03-23 06:47:52', '2019-03-23 06:47:52'),
(149, 63, 18, 9, '22.50', '2018-12-07 04:33:43', '2018-12-07 04:33:43'),
(150, 45, 14, 3, '4.50', '2018-12-31 07:30:24', '2018-12-31 07:30:24');

-- --------------------------------------------------------

--
-- Table structure for table `detalle_lote`
--

CREATE TABLE `detalle_lote` (
  `id` int(10) UNSIGNED NOT NULL,
  `id_lote` int(10) UNSIGNED NOT NULL,
  `numero_obreros` int(11) NOT NULL,
  `numero_horas` decimal(4,2) NOT NULL,
  `precio_hora` decimal(4,2) NOT NULL,
  `sub_total_MO` decimal(6,2) NOT NULL,
  `suma_materiales` decimal(6,2) NOT NULL,
  `tasa_cif` decimal(8,4) NOT NULL,
  `importe` decimal(6,2) NOT NULL,
  `cantidad_unidades` int(11) NOT NULL,
  `created_at` timestamp NULL DEFAULT NULL,
  `updated_at` timestamp NULL DEFAULT NULL
) ENGINE=InnoDB DEFAULT CHARSET=utf8mb4 COLLATE=utf8mb4_unicode_ci;

-- --------------------------------------------------------

--
-- Table structure for table `detalle_receta`
--

CREATE TABLE `detalle_receta` (
  `id` int(10) UNSIGNED NOT NULL,
  `receta_id` int(10) UNSIGNED NOT NULL,
  `materiaPrima_id` int(10) UNSIGNED NOT NULL,
  `cantidad_individual` decimal(8,2) NOT NULL,
  `created_at` timestamp NULL DEFAULT NULL,
  `updated_at` timestamp NULL DEFAULT NULL
) ENGINE=InnoDB DEFAULT CHARSET=utf8mb4 COLLATE=utf8mb4_unicode_ci;

-- --------------------------------------------------------

--
-- Table structure for table `lote`
--

CREATE TABLE `lote` (
  `id` int(10) UNSIGNED NOT NULL,
  `producto_id` int(10) UNSIGNED NOT NULL,
  `codigoLote` varchar(191) COLLATE utf8mb4_unicode_ci NOT NULL,
  `total` decimal(8,2) NOT NULL,
  `proveedor_id` int(10) UNSIGNED DEFAULT NULL,
  `producido_aqui` tinyint(1) NOT NULL DEFAULT '1',
  `created_at` timestamp NULL DEFAULT NULL,
  `updated_at` timestamp NULL DEFAULT NULL
) ENGINE=InnoDB DEFAULT CHARSET=utf8mb4 COLLATE=utf8mb4_unicode_ci;

--
-- Dumping data for table `lote`
--

INSERT INTO `lote` (`id`, `producto_id`, `codigoLote`, `total`, `proveedor_id`, `producido_aqui`, `created_at`, `updated_at`) VALUES
(1, 46, '814230140', '7.50', 1, 1, '2018-10-11 01:22:05', '2018-10-11 01:22:05'),
(2, 31, '222456406', '7.50', 1, 1, '2019-02-12 17:49:29', '2019-02-12 17:49:29'),
(3, 45, '137990276', '7.50', 1, 1, '2019-02-25 01:43:07', '2019-02-25 01:43:07'),
(4, 29, '003844761', '7.50', 1, 1, '2019-03-30 05:09:35', '2019-03-30 05:09:35'),
(5, 34, '676437593', '7.50', 1, 1, '2018-11-24 10:36:33', '2018-11-24 10:36:33'),
(6, 1, '345180413', '7.50', 1, 1, '2018-09-05 01:04:26', '2018-09-05 01:04:26'),
(7, 21, '219854138', '7.50', 1, 1, '2018-09-02 16:35:24', '2018-09-02 16:35:24'),
(8, 33, '241013428', '7.50', 1, 1, '2018-12-01 23:37:32', '2018-12-01 23:37:32'),
(9, 37, '548268816', '7.50', 1, 1, '2018-11-07 21:25:45', '2018-11-07 21:25:45'),
(10, 13, '476332307', '7.50', 1, 1, '2018-09-08 06:52:42', '2018-09-08 06:52:42'),
(11, 12, '320544225', '7.50', 1, 1, '2018-12-07 06:53:59', '2018-12-07 06:53:59'),
(12, 32, '901378617', '7.50', 1, 1, '2019-03-10 05:52:44', '2019-03-10 05:52:44'),
(13, 11, '272552832', '7.50', 1, 1, '2019-01-13 05:07:05', '2019-01-13 05:07:05'),
(14, 46, '520395147', '7.50', 1, 1, '2019-01-15 10:59:31', '2019-01-15 10:59:31'),
(15, 14, '278109900', '7.50', 1, 1, '2019-01-25 12:23:26', '2019-01-25 12:23:26'),
(16, 9, '214809370', '7.50', 1, 1, '2018-09-24 13:33:49', '2018-09-24 13:33:49'),
(17, 30, '655248104', '7.50', 1, 1, '2018-08-30 04:50:52', '2018-08-30 04:50:52'),
(18, 32, '371679736', '7.50', 1, 1, '2019-01-24 02:28:46', '2019-01-24 02:28:46'),
(19, 17, '211418966', '7.50', 1, 1, '2018-09-11 06:36:46', '2018-09-11 06:36:46'),
(20, 15, '459829637', '7.50', 1, 1, '2019-05-02 22:01:24', '2019-05-02 22:01:24'),
(21, 27, '133508917', '7.50', 1, 1, '2018-11-17 14:17:57', '2018-11-17 14:17:57'),
(22, 28, '890330307', '7.50', 1, 1, '2018-11-23 10:45:55', '2018-11-23 10:45:55'),
(23, 6, '703552165', '7.50', 1, 1, '2018-10-13 23:22:54', '2018-10-13 23:22:54'),
(24, 42, '455470972', '7.50', 1, 1, '2018-10-04 12:55:14', '2018-10-04 12:55:14'),
(25, 2, '039289317', '7.50', 1, 1, '2019-04-16 14:32:24', '2019-04-16 14:32:24'),
(26, 37, '279974133', '7.50', 1, 1, '2019-02-27 14:08:03', '2019-02-27 14:08:03'),
(27, 7, '626175641', '7.50', 1, 1, '2019-03-07 18:06:03', '2019-03-07 18:06:03'),
(28, 27, '221860990', '7.50', 1, 1, '2018-11-24 14:55:08', '2018-11-24 14:55:08'),
(29, 17, '999681149', '7.50', 1, 1, '2019-04-14 22:30:06', '2019-04-14 22:30:06'),
(30, 51, '951505591', '7.50', 1, 1, '2018-08-12 19:25:08', '2018-08-12 19:25:08'),
(31, 35, '793504428', '7.50', 1, 1, '2019-02-05 22:46:32', '2019-02-05 22:46:32'),
(32, 27, '462253908', '7.50', 1, 1, '2019-01-12 13:55:36', '2019-01-12 13:55:36'),
(33, 21, '239686451', '7.50', 1, 1, '2018-12-13 09:52:46', '2018-12-13 09:52:46'),
(34, 15, '463570969', '7.50', 1, 1, '2018-12-27 20:18:16', '2018-12-27 20:18:16'),
(35, 51, '231434965', '7.50', 1, 1, '2018-11-07 19:40:27', '2018-11-07 19:40:27'),
(36, 37, '849381731', '7.50', 1, 1, '2018-11-03 01:31:16', '2018-11-03 01:31:16'),
(37, 33, '470981694', '7.50', 1, 1, '2018-12-20 06:38:04', '2018-12-20 06:38:04'),
(38, 29, '617727590', '7.50', 1, 1, '2018-10-19 16:07:47', '2018-10-19 16:07:47'),
(39, 27, '890010194', '7.50', 1, 1, '2018-10-27 05:05:31', '2018-10-27 05:05:31'),
(40, 11, '236093156', '7.50', 1, 1, '2019-02-02 13:17:53', '2019-02-02 13:17:53'),
(41, 20, '398517475', '7.50', 1, 1, '2019-03-03 07:23:10', '2019-03-03 07:23:10'),
(42, 48, '241893672', '7.50', 1, 1, '2018-11-18 06:04:06', '2018-11-18 06:04:06'),
(43, 45, '620505954', '7.50', 1, 1, '2018-08-14 07:24:35', '2018-08-14 07:24:35'),
(44, 18, '603860676', '7.50', 1, 1, '2019-03-09 20:15:34', '2019-03-09 20:15:34'),
(45, 30, '081513932', '7.50', 1, 1, '2018-11-02 10:00:23', '2018-11-02 10:00:23'),
(46, 1, '713018264', '7.50', 1, 1, '2019-03-01 23:42:14', '2019-03-01 23:42:14'),
(47, 32, '553356417', '7.50', 1, 1, '2019-03-22 01:18:15', '2019-03-22 01:18:15'),
(48, 49, '750438792', '7.50', 1, 1, '2019-03-22 23:49:08', '2019-03-22 23:49:08'),
(49, 32, '024305633', '7.50', 1, 1, '2019-03-03 14:50:07', '2019-03-03 14:50:07'),
(50, 3, '596830312', '7.50', 1, 1, '2018-09-18 16:15:06', '2018-09-18 16:15:06'),
(51, 15, '686001797', '7.50', 1, 1, '2019-03-23 20:21:16', '2019-03-23 20:21:16'),
(52, 39, '670602733', '7.50', 1, 1, '2018-11-05 06:20:48', '2018-11-05 06:20:48'),
(53, 40, '651063264', '7.50', 1, 1, '2019-02-01 04:24:42', '2019-02-01 04:24:42'),
(54, 26, '269948074', '7.50', 1, 1, '2018-09-19 23:29:46', '2018-09-19 23:29:46'),
(55, 10, '521002325', '7.50', 1, 1, '2019-04-05 10:16:56', '2019-04-05 10:16:56'),
(56, 8, '617839576', '7.50', 1, 1, '2018-11-04 15:29:27', '2018-11-04 15:29:27'),
(57, 36, '886674021', '7.50', 1, 1, '2018-12-19 17:06:01', '2018-12-19 17:06:01'),
(58, 50, '962196304', '7.50', 1, 1, '2018-11-10 19:00:05', '2018-11-10 19:00:05'),
(59, 47, '570276595', '7.50', 1, 1, '2018-12-18 04:10:01', '2018-12-18 04:10:01'),
(60, 39, '050399414', '7.50', 1, 1, '2019-02-16 11:31:55', '2019-02-16 11:31:55'),
(61, 40, '866127585', '7.50', 1, 1, '2019-02-04 20:00:11', '2019-02-04 20:00:11'),
(62, 10, '331991773', '7.50', 1, 1, '2018-11-29 06:28:13', '2018-11-29 06:28:13'),
(63, 2, '179673675', '7.50', 1, 1, '2019-02-20 14:32:38', '2019-02-20 14:32:38'),
(64, 44, '698067733', '7.50', 1, 1, '2018-10-29 15:39:09', '2018-10-29 15:39:09'),
(65, 16, '653846351', '7.50', 1, 1, '2018-08-26 02:08:23', '2018-08-26 02:08:23'),
(66, 31, '667800561', '7.50', 1, 1, '2018-10-29 06:42:02', '2018-10-29 06:42:02'),
(67, 34, '083468678', '7.50', 1, 1, '2018-08-17 13:04:02', '2018-08-17 13:04:02'),
(68, 1, '082678841', '7.50', 1, 1, '2018-09-10 00:02:30', '2018-09-10 00:02:30'),
(69, 15, '867567896', '7.50', 1, 1, '2018-12-02 01:39:11', '2018-12-02 01:39:11'),
(70, 17, '134749118', '7.50', 1, 1, '2019-01-31 01:47:03', '2019-01-31 01:47:03'),
(71, 51, '437268622', '7.50', 1, 1, '2019-03-30 18:46:27', '2019-03-30 18:46:27'),
(72, 9, '149408842', '7.50', 1, 1, '2018-10-26 23:00:25', '2018-10-26 23:00:25'),
(73, 51, '743851596', '7.50', 1, 1, '2018-12-04 10:25:35', '2018-12-04 10:25:35'),
(74, 50, '982831502', '7.50', 1, 1, '2019-01-21 21:36:38', '2019-01-21 21:36:38'),
(75, 23, '128196291', '7.50', 1, 1, '2019-04-07 00:54:37', '2019-04-07 00:54:37'),
(76, 50, '436237972', '7.50', 1, 1, '2019-01-06 20:58:36', '2019-01-06 20:58:36'),
(77, 48, '500798358', '7.50', 1, 1, '2018-10-27 14:00:38', '2018-10-27 14:00:38'),
(78, 11, '969475546', '7.50', 1, 1, '2018-10-04 04:41:50', '2018-10-04 04:41:50'),
(79, 17, '098906442', '7.50', 1, 1, '2019-03-04 02:08:29', '2019-03-04 02:08:29'),
(80, 10, '404263703', '7.50', 1, 1, '2018-11-19 01:35:59', '2018-11-19 01:35:59'),
(81, 14, '845851489', '7.50', 1, 1, '2019-05-04 11:14:56', '2019-05-04 11:14:56'),
(82, 3, '762726809', '7.50', 1, 1, '2018-12-16 23:36:45', '2018-12-16 23:36:45'),
(83, 31, '901544797', '7.50', 1, 1, '2018-08-20 05:15:58', '2018-08-20 05:15:58'),
(84, 6, '995084320', '7.50', 1, 1, '2019-02-05 20:24:53', '2019-02-05 20:24:53'),
(85, 13, '253531379', '7.50', 1, 1, '2018-08-16 14:47:23', '2018-08-16 14:47:23'),
(86, 31, '717794487', '7.50', 1, 1, '2019-04-26 05:20:16', '2019-04-26 05:20:16'),
(87, 19, '170296806', '7.50', 1, 1, '2019-04-21 07:05:24', '2019-04-21 07:05:24'),
(88, 17, '350336873', '7.50', 1, 1, '2019-02-10 01:06:24', '2019-02-10 01:06:24'),
(89, 34, '051965324', '7.50', 1, 1, '2018-12-08 10:04:37', '2018-12-08 10:04:37'),
(90, 29, '795947481', '7.50', 1, 1, '2019-01-23 16:27:26', '2019-01-23 16:27:26'),
(91, 44, '446614817', '7.50', 1, 1, '2019-01-10 13:30:32', '2019-01-10 13:30:32'),
(92, 30, '795867804', '7.50', 1, 1, '2018-10-23 12:14:36', '2018-10-23 12:14:36'),
(93, 27, '671078351', '7.50', 1, 1, '2018-12-30 02:05:22', '2018-12-30 02:05:22'),
(94, 51, '862762087', '7.50', 1, 1, '2019-02-17 23:17:45', '2019-02-17 23:17:45'),
(95, 12, '770997910', '7.50', 1, 1, '2018-11-23 19:42:25', '2018-11-23 19:42:25'),
(96, 14, '549403313', '7.50', 1, 1, '2018-09-23 11:30:48', '2018-09-23 11:30:48'),
(97, 20, '133866149', '7.50', 1, 1, '2019-02-05 02:40:30', '2019-02-05 02:40:30'),
(98, 44, '321567302', '7.50', 1, 1, '2018-11-23 18:23:12', '2018-11-23 18:23:12'),
(99, 10, '005351104', '7.50', 1, 1, '2019-01-19 12:57:12', '2019-01-19 12:57:12'),
(100, 49, '518470553', '7.50', 1, 1, '2019-04-16 09:48:28', '2019-04-16 09:48:28');

-- --------------------------------------------------------

--
-- Table structure for table `materia_prima`
--

CREATE TABLE `materia_prima` (
  `id` int(10) UNSIGNED NOT NULL,
  `nombre_materia` varchar(191) COLLATE utf8mb4_unicode_ci NOT NULL,
  `cantidad` int(11) NOT NULL
) ENGINE=InnoDB DEFAULT CHARSET=utf8mb4 COLLATE=utf8mb4_unicode_ci;

--
-- Dumping data for table `materia_prima`
--

INSERT INTO `materia_prima` (`id`, `nombre_materia`, `cantidad`) VALUES
(1, 'harina', 100),
(2, 'masa', 100),
(3, 'queso', 100),
(4, 'leche', 100),
(5, 'huevos', 100);

-- --------------------------------------------------------

--
-- Table structure for table `mesas`
--

CREATE TABLE `mesas` (
  `id` int(10) UNSIGNED NOT NULL,
  `codigo_mesa` varchar(50) COLLATE utf8mb4_unicode_ci NOT NULL,
  `capacidad_personas` int(11) NOT NULL
) ENGINE=InnoDB DEFAULT CHARSET=utf8mb4 COLLATE=utf8mb4_unicode_ci;

--
-- Dumping data for table `mesas`
--

INSERT INTO `mesas` (`id`, `codigo_mesa`, `capacidad_personas`) VALUES
(1, 'Para Llevar', 0),
(2, 'Mesa 1', 4),
(3, 'Mesa 2', 4),
(4, 'Mesa 3', 4),
(5, 'Mesa 4', 4),
(6, 'Mesa 5', 4),
(7, 'Mesa 6', 4),
(8, 'Mesa 7', 4),
(9, 'Mesa 8', 4),
(10, 'Mesa 9', 4);

-- --------------------------------------------------------

--
-- Table structure for table `migrations`
--

CREATE TABLE `migrations` (
  `id` int(10) UNSIGNED NOT NULL,
  `migration` varchar(191) COLLATE utf8mb4_unicode_ci NOT NULL,
  `batch` int(11) NOT NULL
) ENGINE=InnoDB DEFAULT CHARSET=utf8mb4 COLLATE=utf8mb4_unicode_ci;

--
-- Dumping data for table `migrations`
--

INSERT INTO `migrations` (`id`, `migration`, `batch`) VALUES
(1, '2014_10_12_000000_create_users_table', 1),
(2, '2014_10_12_100000_create_password_resets_table', 1),
(3, '2015_01_20_084450_create_roles_table', 1),
(4, '2015_01_20_084525_create_role_user_table', 1),
(5, '2015_01_24_080208_create_permissions_table', 1),
(6, '2015_01_24_080433_create_permission_role_table', 1),
(7, '2015_12_04_003040_add_special_role_column', 1),
(8, '2017_10_17_170735_create_permission_user_table', 1),
(9, '2018_09_06_040251_create_proveedores_table', 1),
(10, '2018_09_29_030554_create_mesas_table', 1),
(11, '2018_09_29_030603_create_ordenes_table', 1),
(12, '2018_09_29_030637_create_table_categoria', 1),
(13, '2018_09_29_030638_create_producto_table', 1),
(14, '2018_09_29_030639_create_detalles_orden_table', 1),
(15, '2018_09_29_030721_create_materia_prima_table', 1),
(16, '2018_09_29_030743_create_pagos_table', 1),
(17, '2018_10_12_023724_create_receta_table', 1),
(18, '2018_10_12_040253_create_lote_table', 1),
(19, '2018_10_12_054541_create_detalle_lote_table', 1),
(20, '2019_01_03_021623_create_detalle_receta_table', 1),
(21, '2019_04_06_034006_create_compras_table', 1);

-- --------------------------------------------------------

--
-- Table structure for table `ordenes`
--

CREATE TABLE `ordenes` (
  `id` int(10) UNSIGNED NOT NULL,
  `codigo_seguimiento` varchar(150) COLLATE utf8mb4_unicode_ci NOT NULL,
  `estado_servicio` enum('PENDIENTE','ENTREGADA') COLLATE utf8mb4_unicode_ci NOT NULL,
  `estado_pago` enum('SIN CANCELAR','CANCELADA') COLLATE utf8mb4_unicode_ci NOT NULL,
  `tipo_orden` enum('LOCAL','EN LINEA') COLLATE utf8mb4_unicode_ci NOT NULL,
  `mesa_id` int(10) UNSIGNED DEFAULT NULL,
  `user_id` int(10) UNSIGNED NOT NULL,
  `created_at` timestamp NULL DEFAULT NULL,
  `updated_at` timestamp NULL DEFAULT NULL
) ENGINE=InnoDB DEFAULT CHARSET=utf8mb4 COLLATE=utf8mb4_unicode_ci;

--
-- Dumping data for table `ordenes`
--

INSERT INTO `ordenes` (`id`, `codigo_seguimiento`, `estado_servicio`, `estado_pago`, `tipo_orden`, `mesa_id`, `user_id`, `created_at`, `updated_at`) VALUES
(2, '715756887', 'ENTREGADA', 'CANCELADA', 'LOCAL', NULL, 12, '2018-09-22 20:31:23', '2018-09-22 20:31:23'),
(6, '681377011', 'ENTREGADA', 'CANCELADA', 'LOCAL', NULL, 9, '2019-01-05 08:49:28', '2019-01-05 08:49:28'),
(7, '832612441', 'ENTREGADA', 'CANCELADA', 'EN LINEA', NULL, 5, '2018-10-15 16:25:11', '2018-10-15 16:25:11'),
(8, '909372294', 'ENTREGADA', 'CANCELADA', 'EN LINEA', NULL, 12, '2018-09-30 21:09:13', '2018-09-30 21:09:13'),
(9, '727848604', 'ENTREGADA', 'CANCELADA', 'LOCAL', NULL, 9, '2019-05-05 23:21:37', '2019-05-05 23:21:37'),
(10, '458839035', 'ENTREGADA', 'CANCELADA', 'EN LINEA', NULL, 15, '2019-02-18 06:56:59', '2019-02-18 06:56:59'),
(11, '472549606', 'ENTREGADA', 'CANCELADA', 'EN LINEA', NULL, 8, '2018-11-23 04:15:46', '2018-11-23 04:15:46'),
(13, '718445576', 'ENTREGADA', 'CANCELADA', 'EN LINEA', NULL, 15, '2018-10-06 18:16:13', '2018-10-06 18:16:13'),
(14, '106735148', 'ENTREGADA', 'CANCELADA', 'EN LINEA', NULL, 15, '2019-01-27 17:05:47', '2019-01-27 17:05:47'),
(15, '615309849', 'ENTREGADA', 'CANCELADA', 'EN LINEA', NULL, 16, '2019-05-07 13:13:41', '2019-05-07 13:13:41'),
(17, '146029289', 'ENTREGADA', 'CANCELADA', 'EN LINEA', NULL, 9, '2018-09-25 22:28:45', '2018-09-25 22:28:45'),
(18, '877600637', 'ENTREGADA', 'CANCELADA', 'EN LINEA', NULL, 3, '2018-08-17 17:56:36', '2018-08-17 17:56:36'),
(19, '554443164', 'ENTREGADA', 'CANCELADA', 'EN LINEA', NULL, 11, '2018-09-15 22:50:00', '2018-09-15 22:50:00'),
(20, '785377532', 'ENTREGADA', 'CANCELADA', 'EN LINEA', NULL, 6, '2019-04-24 15:46:57', '2019-04-24 15:46:57'),
(21, '798726232', 'ENTREGADA', 'CANCELADA', 'LOCAL', NULL, 7, '2018-09-19 04:37:22', '2018-09-19 04:37:22'),
(22, '489249203', 'ENTREGADA', 'CANCELADA', 'EN LINEA', NULL, 14, '2018-10-30 03:55:37', '2018-10-30 03:55:37'),
(23, '758193236', 'ENTREGADA', 'CANCELADA', 'EN LINEA', NULL, 3, '2018-09-28 18:38:25', '2018-09-28 18:38:25'),
(24, '079830436', 'ENTREGADA', 'CANCELADA', 'EN LINEA', NULL, 12, '2019-02-06 03:28:53', '2019-02-06 03:28:53'),
(25, '036191169', 'ENTREGADA', 'CANCELADA', 'EN LINEA', NULL, 4, '2018-12-19 14:55:53', '2018-12-19 14:55:53'),
(26, '832133056', 'ENTREGADA', 'CANCELADA', 'EN LINEA', NULL, 5, '2019-04-22 22:09:09', '2019-04-22 22:09:09'),
(27, '200630576', 'ENTREGADA', 'CANCELADA', 'EN LINEA', NULL, 1, '2019-04-02 12:41:35', '2019-04-02 12:41:35'),
(28, '759222053', 'ENTREGADA', 'CANCELADA', 'LOCAL', NULL, 1, '2018-08-13 15:39:46', '2018-08-13 15:39:46'),
(29, '245911500', 'ENTREGADA', 'CANCELADA', 'EN LINEA', NULL, 16, '2019-01-27 09:18:14', '2019-01-27 09:18:14'),
(30, '985891002', 'ENTREGADA', 'CANCELADA', 'EN LINEA', NULL, 4, '2019-01-30 06:17:56', '2019-01-30 06:17:56'),
(31, '242130240', 'ENTREGADA', 'CANCELADA', 'EN LINEA', NULL, 3, '2019-04-03 08:34:41', '2019-04-03 08:34:41'),
(32, '780689700', 'ENTREGADA', 'CANCELADA', 'EN LINEA', NULL, 8, '2018-09-03 09:04:54', '2018-09-03 09:04:54'),
(33, '408217772', 'ENTREGADA', 'CANCELADA', 'EN LINEA', NULL, 4, '2019-04-20 16:53:15', '2019-04-20 16:53:15'),
(34, '856984142', 'ENTREGADA', 'CANCELADA', 'LOCAL', NULL, 16, '2019-04-10 07:15:36', '2019-04-10 07:15:36'),
(35, '601347135', 'ENTREGADA', 'CANCELADA', 'LOCAL', NULL, 16, '2019-04-02 05:03:53', '2019-04-02 05:03:53'),
(36, '769850290', 'ENTREGADA', 'CANCELADA', 'EN LINEA', NULL, 5, '2019-03-18 06:09:35', '2019-03-18 06:09:35'),
(37, '632205883', 'ENTREGADA', 'CANCELADA', 'LOCAL', NULL, 14, '2018-10-22 22:45:40', '2018-10-22 22:45:40'),
(38, '824822968', 'ENTREGADA', 'CANCELADA', 'LOCAL', NULL, 1, '2019-02-14 22:29:47', '2019-02-14 22:29:47'),
(39, '203150659', 'ENTREGADA', 'CANCELADA', 'EN LINEA', NULL, 7, '2018-12-12 07:48:06', '2018-12-12 07:48:06'),
(41, '554933640', 'ENTREGADA', 'CANCELADA', 'EN LINEA', NULL, 8, '2019-03-16 05:34:20', '2019-03-16 05:34:20'),
(42, '515756375', 'ENTREGADA', 'CANCELADA', 'EN LINEA', NULL, 2, '2019-03-23 06:47:52', '2019-03-23 06:47:52'),
(43, '832557853', 'ENTREGADA', 'CANCELADA', 'EN LINEA', NULL, 5, '2018-09-30 23:20:19', '2018-09-30 23:20:19'),
(44, '222319563', 'ENTREGADA', 'CANCELADA', 'LOCAL', NULL, 7, '2018-12-18 01:29:13', '2018-12-18 01:29:13'),
(45, '282389415', 'ENTREGADA', 'CANCELADA', 'EN LINEA', NULL, 14, '2018-12-31 07:30:24', '2018-12-31 07:30:24'),
(46, '171412681', 'ENTREGADA', 'CANCELADA', 'LOCAL', NULL, 12, '2019-04-30 19:17:45', '2019-04-30 19:17:45'),
(47, '133651942', 'ENTREGADA', 'CANCELADA', 'EN LINEA', NULL, 7, '2018-12-13 12:57:02', '2018-12-13 12:57:02'),
(48, '001232394', 'ENTREGADA', 'CANCELADA', 'LOCAL', NULL, 5, '2018-11-12 08:22:59', '2018-11-12 08:22:59'),
(49, '872881535', 'ENTREGADA', 'CANCELADA', 'LOCAL', NULL, 11, '2019-01-01 23:57:07', '2019-01-01 23:57:07'),
(50, '187028101', 'ENTREGADA', 'CANCELADA', 'EN LINEA', NULL, 15, '2018-09-12 18:06:12', '2018-09-12 18:06:12'),
(51, '433197332', 'ENTREGADA', 'CANCELADA', 'LOCAL', NULL, 4, '2018-09-04 00:20:23', '2018-09-04 00:20:23'),
(52, '847802390', 'ENTREGADA', 'CANCELADA', 'LOCAL', NULL, 11, '2018-12-27 05:12:41', '2018-12-27 05:12:41'),
(53, '194692873', 'ENTREGADA', 'CANCELADA', 'LOCAL', NULL, 6, '2018-10-11 21:13:49', '2018-10-11 21:13:49'),
(54, '993674727', 'ENTREGADA', 'CANCELADA', 'LOCAL', NULL, 16, '2019-04-04 22:32:53', '2019-04-04 22:32:53'),
(55, '160014179', 'ENTREGADA', 'CANCELADA', 'LOCAL', NULL, 7, '2019-02-27 11:00:39', '2019-02-27 11:00:39'),
(56, '200801137', 'ENTREGADA', 'CANCELADA', 'EN LINEA', NULL, 9, '2019-04-12 23:04:04', '2019-04-12 23:04:04'),
(57, '225139721', 'ENTREGADA', 'CANCELADA', 'LOCAL', NULL, 4, '2018-10-06 09:20:33', '2018-10-06 09:20:33'),
(58, '301543233', 'ENTREGADA', 'CANCELADA', 'EN LINEA', NULL, 10, '2019-04-12 23:05:25', '2019-04-12 23:05:25'),
(59, '034638596', 'ENTREGADA', 'CANCELADA', 'EN LINEA', NULL, 6, '2019-05-05 22:37:17', '2019-05-05 22:37:17'),
(60, '925355391', 'ENTREGADA', 'CANCELADA', 'EN LINEA', NULL, 8, '2019-04-19 12:26:53', '2019-04-19 12:26:53'),
(61, '874694997', 'ENTREGADA', 'CANCELADA', 'LOCAL', NULL, 10, '2018-10-22 21:12:39', '2018-10-22 21:12:39'),
(62, '224983922', 'ENTREGADA', 'CANCELADA', 'LOCAL', NULL, 3, '2018-08-19 17:55:01', '2018-08-19 17:55:01'),
(63, '950743842', 'ENTREGADA', 'CANCELADA', 'LOCAL', NULL, 8, '2018-12-07 04:33:43', '2018-12-07 04:33:43'),
(65, '644861593', 'ENTREGADA', 'CANCELADA', 'LOCAL', NULL, 14, '2019-03-13 15:16:30', '2019-03-13 15:16:30'),
(67, '470734304', 'ENTREGADA', 'CANCELADA', 'LOCAL', NULL, 11, '2018-08-26 13:45:03', '2018-08-26 13:45:03'),
(69, '762911299', 'ENTREGADA', 'CANCELADA', 'EN LINEA', NULL, 5, '2018-12-30 14:55:03', '2018-12-30 14:55:03'),
(70, '570861264', 'ENTREGADA', 'CANCELADA', 'LOCAL', NULL, 11, '2018-11-24 17:42:42', '2018-11-24 17:42:42'),
(72, '986650067', 'ENTREGADA', 'CANCELADA', 'EN LINEA', NULL, 5, '2019-02-22 18:03:59', '2019-02-22 18:03:59'),
(73, '780470271', 'ENTREGADA', 'CANCELADA', 'EN LINEA', NULL, 5, '2018-12-22 05:02:58', '2018-12-22 05:02:58'),
(76, '080843327', 'ENTREGADA', 'CANCELADA', 'EN LINEA', NULL, 7, '2018-09-16 04:44:09', '2018-09-16 04:44:09'),
(77, '966712745', 'ENTREGADA', 'CANCELADA', 'LOCAL', NULL, 10, '2018-11-17 20:08:36', '2018-11-17 20:08:36'),
(79, '045533083', 'ENTREGADA', 'CANCELADA', 'LOCAL', NULL, 14, '2018-12-17 17:09:22', '2018-12-17 17:09:22'),
(80, '166716746', 'ENTREGADA', 'CANCELADA', 'LOCAL', NULL, 12, '2019-02-16 20:08:31', '2019-02-16 20:08:31'),
(81, '950940710', 'ENTREGADA', 'CANCELADA', 'LOCAL', NULL, 13, '2018-09-18 15:06:58', '2018-09-18 15:06:58'),
(82, '901691430', 'ENTREGADA', 'CANCELADA', 'LOCAL', NULL, 16, '2018-10-21 11:35:55', '2018-10-21 11:35:55'),
(83, '568013278', 'ENTREGADA', 'CANCELADA', 'EN LINEA', NULL, 1, '2019-05-03 17:35:35', '2019-05-03 17:35:35'),
(85, '531069329', 'ENTREGADA', 'CANCELADA', 'LOCAL', NULL, 14, '2018-11-25 08:28:12', '2018-11-25 08:28:12'),
(86, '130270370', 'ENTREGADA', 'CANCELADA', 'LOCAL', NULL, 4, '2018-09-28 00:38:16', '2018-09-28 00:38:16'),
(87, '001171400', 'ENTREGADA', 'CANCELADA', 'EN LINEA', NULL, 6, '2018-11-20 11:23:36', '2018-11-20 11:23:36'),
(88, '583157249', 'ENTREGADA', 'CANCELADA', 'EN LINEA', NULL, 13, '2018-12-14 18:48:34', '2018-12-14 18:48:34'),
(90, '022172545', 'ENTREGADA', 'CANCELADA', 'EN LINEA', NULL, 6, '2018-08-20 03:12:26', '2018-08-20 03:12:26'),
(91, '885031905', 'ENTREGADA', 'CANCELADA', 'LOCAL', NULL, 8, '2018-10-16 02:54:11', '2018-10-16 02:54:11'),
(94, '791195612', 'ENTREGADA', 'CANCELADA', 'LOCAL', NULL, 4, '2018-11-21 08:55:07', '2018-11-21 08:55:07'),
(95, '815425818', 'ENTREGADA', 'CANCELADA', 'LOCAL', NULL, 16, '2019-03-09 01:13:11', '2019-03-09 01:13:11'),
(97, '096013463', 'ENTREGADA', 'CANCELADA', 'EN LINEA', NULL, 6, '2018-08-12 09:53:08', '2018-08-12 09:53:08'),
(98, '529494061', 'ENTREGADA', 'CANCELADA', 'EN LINEA', NULL, 10, '2019-04-25 11:30:15', '2019-04-25 11:30:15'),
(99, '163603260', 'ENTREGADA', 'CANCELADA', 'EN LINEA', NULL, 6, '2018-09-03 17:04:45', '2018-09-03 17:04:45'),
(100, '650937665', 'ENTREGADA', 'CANCELADA', 'LOCAL', NULL, 1, '2019-03-14 04:53:06', '2019-03-14 04:53:06');

-- --------------------------------------------------------

--
-- Table structure for table `pagos`
--

CREATE TABLE `pagos` (
  `id` int(10) UNSIGNED NOT NULL,
  `orden_id` int(10) UNSIGNED NOT NULL,
  `tipo_pago` enum('Efectivo','Tarjeta Crédito','PayPal') COLLATE utf8mb4_unicode_ci NOT NULL,
  `tarjeta_credito` varchar(191) COLLATE utf8mb4_unicode_ci DEFAULT NULL,
  `total_cancelar` decimal(8,2) NOT NULL,
  `recibido` decimal(8,2) NOT NULL,
  `cambio` decimal(8,2) NOT NULL,
  `created_at` timestamp NULL DEFAULT NULL,
  `updated_at` timestamp NULL DEFAULT NULL
) ENGINE=InnoDB DEFAULT CHARSET=utf8mb4 COLLATE=utf8mb4_unicode_ci;

--
-- Dumping data for table `pagos`
--

INSERT INTO `pagos` (`id`, `orden_id`, `tipo_pago`, `tarjeta_credito`, `total_cancelar`, `recibido`, `cambio`, `created_at`, `updated_at`) VALUES
(1, 24, 'Efectivo', NULL, '3.00', '3.00', '0.00', '2019-02-06 03:28:53', '2019-02-06 03:28:53'),
(3, 49, 'Tarjeta Crédito', NULL, '51.00', '12.50', '0.00', '2019-01-01 23:57:07', '2018-12-22 05:02:58'),
(4, 7, 'Efectivo', NULL, '54.50', '54.50', '0.00', '2018-10-15 16:25:11', '2018-10-15 16:25:11'),
(5, 53, 'Tarjeta Crédito', NULL, '42.00', '42.00', '0.00', '2018-10-11 21:13:49', '2018-10-11 21:13:49'),
(6, 8, 'PayPal', NULL, '40.80', '40.80', '0.00', '2018-09-30 21:09:13', '2018-09-30 21:09:13'),
(7, 65, 'PayPal', NULL, '54.00', '54.00', '0.00', '2019-03-13 15:16:30', '2019-03-13 15:16:30'),
(9, 91, 'Efectivo', NULL, '32.70', '3.00', '0.00', '2018-10-16 02:54:11', '2019-03-09 01:13:11'),
(10, 11, 'Efectivo', NULL, '0.00', '12.00', '0.00', '2018-11-23 04:15:46', '2018-09-15 22:50:00'),
(11, 25, 'Tarjeta Crédito', NULL, '39.00', '39.00', '0.00', '2018-12-19 14:55:53', '2018-12-19 14:55:53'),
(12, 43, 'PayPal', NULL, '68.45', '68.45', '0.00', '2018-09-30 23:20:19', '2018-09-30 23:20:19'),
(13, 42, 'Tarjeta Crédito', NULL, '60.00', '60.00', '0.00', '2019-03-23 06:47:52', '2019-03-23 06:47:52'),
(14, 17, 'Tarjeta Crédito', NULL, '24.00', '21.00', '0.00', '2018-09-25 22:28:45', '2019-04-24 15:46:57'),
(15, 41, 'Efectivo', NULL, '27.45', '27.45', '0.00', '2019-03-16 05:34:20', '2019-03-16 05:34:20'),
(16, 73, 'PayPal', NULL, '12.50', '12.50', '0.00', '2018-12-22 05:02:58', '2018-12-22 05:02:58'),
(17, 85, 'PayPal', NULL, '52.50', '52.50', '0.00', '2018-11-25 08:28:12', '2018-11-25 08:28:12'),
(20, 82, 'Efectivo', NULL, '22.50', '3.00', '0.00', '2018-10-21 11:35:55', '2019-03-09 01:13:11'),
(21, 15, 'Tarjeta Crédito', NULL, '43.50', '12.00', '0.00', '2019-05-07 13:13:41', '2018-09-15 22:50:00'),
(23, 79, 'Tarjeta Crédito', NULL, '0.00', '31.50', '0.00', '2018-12-17 17:09:22', '2018-11-21 08:55:07'),
(24, 83, 'PayPal', NULL, '40.00', '40.00', '0.00', '2019-05-03 17:35:35', '2019-05-03 17:35:35'),
(25, 54, 'Efectivo', NULL, '14.00', '14.00', '0.00', '2019-04-04 22:32:53', '2019-04-04 22:32:53'),
(28, 38, 'PayPal', NULL, '82.00', '16.50', '0.00', '2019-02-14 22:29:47', '2018-11-12 08:22:59'),
(29, 35, 'Efectivo', NULL, '13.35', '13.35', '0.00', '2019-04-02 05:03:53', '2019-04-02 05:03:53'),
(32, 20, 'Efectivo', NULL, '21.00', '21.00', '0.00', '2019-04-24 15:46:57', '2019-04-24 15:46:57'),
(33, 48, 'PayPal', NULL, '16.50', '16.50', '0.00', '2018-11-12 08:22:59', '2018-11-12 08:22:59'),
(34, 100, 'Tarjeta Crédito', NULL, '4.50', '4.50', '0.00', '2019-03-14 04:53:06', '2019-03-14 04:53:06'),
(35, 22, 'Tarjeta Crédito', NULL, '45.00', '45.00', '0.00', '2018-10-30 03:55:37', '2018-10-30 03:55:37'),
(36, 36, 'PayPal', NULL, '37.00', '37.00', '0.00', '2019-03-18 06:09:35', '2019-03-18 06:09:35'),
(37, 59, 'PayPal', NULL, '36.00', '36.00', '0.00', '2019-05-05 22:37:17', '2019-05-05 22:37:17'),
(40, 34, 'Tarjeta Crédito', NULL, '122.00', '122.00', '0.00', '2019-04-10 07:15:36', '2019-04-10 07:15:36'),
(41, 37, 'PayPal', NULL, '30.00', '30.00', '0.00', '2018-10-22 22:45:40', '2018-10-22 22:45:40'),
(42, 45, 'PayPal', NULL, '5.25', '5.25', '0.00', '2018-12-31 07:30:24', '2018-12-31 07:30:24'),
(43, 69, 'Efectivo', NULL, '18.00', '21.40', '0.00', '2018-12-30 14:55:03', '2018-12-14 18:48:34'),
(44, 47, 'Tarjeta Crédito', NULL, '87.30', '8.00', '0.00', '2018-12-13 12:57:02', '2019-04-19 12:26:53'),
(45, 97, 'Tarjeta Crédito', NULL, '15.00', '4.50', '0.00', '2018-08-12 09:53:08', '2019-03-14 04:53:06'),
(46, 33, 'Tarjeta Crédito', NULL, '90.00', '90.00', '0.00', '2019-04-20 16:53:15', '2019-04-20 16:53:15'),
(47, 81, 'Efectivo', NULL, '57.94', '57.94', '0.00', '2018-09-18 15:06:58', '2018-09-18 15:06:58'),
(50, 57, 'PayPal', NULL, '12.00', '12.00', '0.00', '2018-10-06 09:20:33', '2018-10-06 09:20:33'),
(51, 13, 'PayPal', NULL, '3.00', '3.00', '0.00', '2018-10-06 18:16:13', '2018-10-06 18:16:13'),
(52, 39, 'Efectivo', NULL, '12.00', '16.50', '0.00', '2018-12-12 07:48:06', '2018-11-12 08:22:59'),
(53, 52, 'Efectivo', NULL, '24.35', '40.00', '0.00', '2018-12-27 05:12:41', '2019-05-03 17:35:35'),
(54, 76, 'PayPal', NULL, '24.00', '24.00', '0.00', '2018-09-16 04:44:09', '2018-09-16 04:44:09'),
(55, 31, 'PayPal', NULL, '62.45', '62.45', '0.00', '2019-04-03 08:34:41', '2019-04-03 08:34:41'),
(56, 60, 'Tarjeta Crédito', NULL, '8.00', '8.00', '0.00', '2019-04-19 12:26:53', '2019-04-19 12:26:53'),
(57, 56, 'Tarjeta Crédito', NULL, '0.00', '21.00', '0.00', '2019-04-12 23:04:04', '2018-11-24 17:42:42'),
(58, 95, 'Tarjeta Crédito', NULL, '3.00', '3.00', '0.00', '2019-03-09 01:13:11', '2019-03-09 01:13:11'),
(59, 94, 'PayPal', NULL, '31.50', '31.50', '0.00', '2018-11-21 08:55:07', '2018-11-21 08:55:07'),
(60, 10, 'Efectivo', NULL, '0.00', '3.00', '0.00', '2019-02-18 06:56:59', '2018-10-06 18:16:13'),
(61, 90, 'PayPal', NULL, '18.00', '18.00', '0.00', '2018-08-20 03:12:26', '2018-08-20 03:12:26'),
(62, 21, 'PayPal', NULL, '12.00', '122.00', '0.00', '2018-09-19 04:37:22', '2019-04-10 07:15:36'),
(63, 51, 'Tarjeta Crédito', NULL, '51.00', '57.94', '0.00', '2018-09-04 00:20:23', '2018-09-18 15:06:58'),
(64, 88, 'Tarjeta Crédito', NULL, '21.40', '21.40', '0.00', '2018-12-14 18:48:34', '2018-12-14 18:48:34'),
(65, 2, 'Efectivo', NULL, '99.00', '99.00', '0.00', '2018-09-22 20:31:23', '2018-09-22 20:31:23'),
(66, 23, 'Efectivo', NULL, '15.00', '13.35', '0.00', '2018-09-28 18:38:25', '2019-04-02 05:03:53'),
(67, 62, 'Tarjeta Crédito', NULL, '13.50', '13.50', '0.00', '2018-08-19 17:55:01', '2018-08-19 17:55:01'),
(68, 70, 'PayPal', NULL, '21.00', '21.00', '0.00', '2018-11-24 17:42:42', '2018-11-24 17:42:42'),
(69, 18, 'Tarjeta Crédito', NULL, '40.50', '39.00', '0.00', '2018-08-17 17:56:36', '2018-12-19 14:55:53'),
(70, 72, 'Tarjeta Crédito', NULL, '33.00', '33.00', '0.00', '2019-02-22 18:03:59', '2019-02-22 18:03:59'),
(71, 32, 'PayPal', NULL, '6.00', '6.00', '0.00', '2018-09-03 09:04:54', '2018-09-03 09:04:54'),
(72, 19, 'Tarjeta Crédito', NULL, '12.00', '12.00', '0.00', '2018-09-15 22:50:00', '2018-09-15 22:50:00'),
(73, 63, 'Efectivo', NULL, '67.50', '67.50', '0.00', '2018-12-07 04:33:43', '2018-12-07 04:33:43'),
(74, 67, 'PayPal', NULL, '13.00', '52.50', '0.00', '2018-08-26 13:45:03', '2018-11-25 08:28:12'),
(76, 61, 'Efectivo', NULL, '34.50', '87.30', '0.00', '2018-10-22 21:12:39', '2018-12-13 12:57:02'),
(77, 29, 'Efectivo', NULL, '37.00', '13.35', '0.00', '2019-01-27 09:18:14', '2019-04-02 05:03:53'),
(79, 77, 'Efectivo', NULL, '18.00', '18.00', '0.00', '2018-11-17 20:08:36', '2018-11-17 20:08:36'),
(80, 27, 'Efectivo', NULL, '12.00', '12.00', '0.00', '2019-04-02 12:41:35', '2019-04-02 12:41:35'),
(81, 46, 'Tarjeta Crédito', NULL, '39.00', '42.00', '0.00', '2019-04-30 19:17:45', '2018-10-11 21:13:49'),
(82, 28, 'PayPal', NULL, '9.00', '30.00', '0.00', '2018-08-13 15:39:46', '2018-10-22 22:45:40'),
(83, 86, 'Tarjeta Crédito', NULL, '17.50', '17.50', '0.00', '2018-09-28 00:38:16', '2018-09-28 00:38:16'),
(85, 44, 'PayPal', NULL, '0.00', '8.00', '0.00', '2018-12-18 01:29:13', '2019-04-19 12:26:53'),
(86, 50, 'Efectivo', NULL, '36.00', '24.00', '0.00', '2018-09-12 18:06:12', '2018-09-16 04:44:09'),
(88, 26, 'Tarjeta Crédito', NULL, '20.00', '13.35', '0.00', '2019-04-22 22:09:09', '2019-04-02 05:03:53'),
(90, 80, 'Tarjeta Crédito', NULL, '0.00', '21.40', '0.00', '2019-02-16 20:08:31', '2018-12-14 18:48:34'),
(92, 9, 'PayPal', NULL, '74.00', '74.00', '0.00', '2019-05-05 23:21:37', '2019-05-05 23:21:37'),
(93, 30, 'Tarjeta Crédito', NULL, '16.50', '13.35', '0.00', '2019-01-30 06:17:56', '2019-04-02 05:03:53'),
(94, 55, 'Efectivo', NULL, '30.00', '30.00', '0.00', '2019-02-27 11:00:39', '2019-02-27 11:00:39'),
(95, 58, 'Efectivo', NULL, '0.00', '57.94', '0.00', '2019-04-12 23:05:25', '2018-09-18 15:06:58'),
(96, 14, 'PayPal', NULL, '21.00', '12.00', '0.00', '2019-01-27 17:05:47', '2018-09-15 22:50:00'),
(97, 98, 'PayPal', NULL, '30.00', '4.50', '0.00', '2019-04-25 11:30:15', '2019-03-14 04:53:06'),
(98, 87, 'Efectivo', NULL, '43.50', '3.75', '0.00', '2018-11-20 11:23:36', '2018-09-03 17:04:45'),
(99, 99, 'PayPal', NULL, '3.75', '3.75', '0.00', '2018-09-03 17:04:45', '2018-09-03 17:04:45'),
(100, 6, 'Tarjeta Crédito', NULL, '28.00', '99.00', '0.00', '2019-01-05 08:49:28', '2018-09-22 20:31:23');

-- --------------------------------------------------------

--
-- Table structure for table `password_resets`
--

CREATE TABLE `password_resets` (
  `email` varchar(50) COLLATE utf8mb4_unicode_ci NOT NULL,
  `token` varchar(191) COLLATE utf8mb4_unicode_ci NOT NULL,
  `created_at` timestamp NULL DEFAULT NULL
) ENGINE=InnoDB DEFAULT CHARSET=utf8mb4 COLLATE=utf8mb4_unicode_ci;

-- --------------------------------------------------------

--
-- Table structure for table `permissions`
--

CREATE TABLE `permissions` (
  `id` int(10) UNSIGNED NOT NULL,
  `name` varchar(191) COLLATE utf8mb4_unicode_ci NOT NULL,
  `slug` varchar(191) COLLATE utf8mb4_unicode_ci NOT NULL,
  `description` text COLLATE utf8mb4_unicode_ci,
  `created_at` timestamp NULL DEFAULT NULL,
  `updated_at` timestamp NULL DEFAULT NULL
) ENGINE=InnoDB DEFAULT CHARSET=utf8mb4 COLLATE=utf8mb4_unicode_ci;

--
-- Dumping data for table `permissions`
--

INSERT INTO `permissions` (`id`, `name`, `slug`, `description`, `created_at`, `updated_at`) VALUES
(1, 'Gestionar Categoria', 'gestionar_categoria', 'Permite hacer operaciones generales de categorias', NULL, NULL),
(2, 'Gestionar Producto', 'gestionar_producto', 'Permite hacer operaciones generales de productos', NULL, NULL),
(3, 'Gestionar Materia Prima', 'gestionar_materia', 'Permite hacer operaciones generales de Materia Prima', NULL, NULL),
(4, 'Gestionar Usuarios', 'gestionar_usuarios', 'Permite hacer operaciones generales de usuarios', NULL, NULL),
(5, 'Gestionar Mesas', 'gestionar_mesas', 'Permite hacer operaciones generales de Mesas', NULL, NULL),
(6, 'Gestionar Costeo', 'gestionar_costeo', 'Permite hacer operaciones de costeo', NULL, NULL),
(7, 'Gestionar Recetas', 'gestionar_recetas', 'Permite hacer operaciones generales de recetas', NULL, NULL),
(8, 'Gestionar Ordenes', 'gestionar_ordenes', 'Permite hacer operaciones de Ordenes', NULL, NULL),
(9, 'Editar Perfil', 'editar_perfil', 'Permite hacer operaciones de Edición de perfil', NULL, NULL),
(10, 'Ver Perfil', 'ver_perfil', 'Permite ver perfil propio', NULL, NULL),
(11, 'Cambiar Contraseña', 'cambiar_contrasena', 'Permite Editar contraseña propia', NULL, NULL);

-- --------------------------------------------------------

--
-- Table structure for table `permission_role`
--

CREATE TABLE `permission_role` (
  `id` int(10) UNSIGNED NOT NULL,
  `permission_id` int(10) UNSIGNED NOT NULL,
  `role_id` int(10) UNSIGNED NOT NULL,
  `created_at` timestamp NULL DEFAULT NULL,
  `updated_at` timestamp NULL DEFAULT NULL
) ENGINE=InnoDB DEFAULT CHARSET=utf8mb4 COLLATE=utf8mb4_unicode_ci;

--
-- Dumping data for table `permission_role`
--

INSERT INTO `permission_role` (`id`, `permission_id`, `role_id`, `created_at`, `updated_at`) VALUES
(1, 2, 1, NULL, NULL),
(2, 1, 1, NULL, NULL),
(3, 3, 1, NULL, NULL),
(4, 4, 1, NULL, NULL),
(5, 5, 1, NULL, NULL),
(6, 8, 2, NULL, NULL),
(7, 6, 3, NULL, NULL),
(8, 7, 3, NULL, NULL),
(9, 9, 1, NULL, NULL),
(10, 10, 1, NULL, NULL),
(11, 11, 1, NULL, NULL),
(12, 9, 2, NULL, NULL),
(13, 10, 2, NULL, NULL),
(14, 11, 2, NULL, NULL),
(15, 9, 3, NULL, NULL),
(16, 10, 3, NULL, NULL),
(17, 11, 3, NULL, NULL),
(18, 9, 4, NULL, NULL),
(19, 10, 4, NULL, NULL),
(20, 11, 4, NULL, NULL);

-- --------------------------------------------------------

--
-- Table structure for table `permission_user`
--

CREATE TABLE `permission_user` (
  `id` int(10) UNSIGNED NOT NULL,
  `permission_id` int(10) UNSIGNED NOT NULL,
  `user_id` int(10) UNSIGNED NOT NULL,
  `created_at` timestamp NULL DEFAULT NULL,
  `updated_at` timestamp NULL DEFAULT NULL
) ENGINE=InnoDB DEFAULT CHARSET=utf8mb4 COLLATE=utf8mb4_unicode_ci;

-- --------------------------------------------------------

--
-- Table structure for table `productos`
--

CREATE TABLE `productos` (
  `id` int(10) UNSIGNED NOT NULL,
  `nombre_producto` varchar(100) COLLATE utf8mb4_unicode_ci NOT NULL,
  `stock` int(11) NOT NULL,
  `categoria_id` int(10) UNSIGNED NOT NULL,
  `imagen` varchar(191) COLLATE utf8mb4_unicode_ci NOT NULL,
  `precio` decimal(8,2) NOT NULL,
  `descripcion` varchar(191) COLLATE utf8mb4_unicode_ci NOT NULL,
  `created_at` timestamp NULL DEFAULT NULL,
  `updated_at` timestamp NULL DEFAULT NULL
) ENGINE=InnoDB DEFAULT CHARSET=utf8mb4 COLLATE=utf8mb4_unicode_ci;

--
-- Dumping data for table `productos`
--

INSERT INTO `productos` (`id`, `nombre_producto`, `stock`, `categoria_id`, `imagen`, `precio`, `descripcion`, `created_at`, `updated_at`) VALUES
(1, '3 Leches con turrón', 20, 7, 'http://127.0.0.1:8000/imagenes/1.jpg', '3.00', '3 Leches con turrón ', '2019-05-09 18:58:19', '2019-05-09 18:58:19'),
(2, '3 Leches de caramelo', 20, 7, 'http://127.0.0.1:8000/imagenes/2.jpg', '3.00', '3 Leches de caramelo ', '2019-05-09 18:58:19', '2019-05-09 18:58:19'),
(3, 'Banana Cream Pie', 20, 6, 'http://127.0.0.1:8000/imagenes/3.jpg', '3.00', 'Banana Cream Pie ', '2019-05-09 18:58:19', '2019-05-09 18:58:19'),
(4, 'Pastel de Fresa', 20, 6, 'http://127.0.0.1:8000/imagenes/4.jpg', '3.00', 'Pastel de Fresa ', '2019-05-09 18:58:19', '2019-05-09 18:58:19'),
(5, 'Pastel de Toffe', 20, 6, 'http://127.0.0.1:8000/imagenes/5.jpg', '3.35', 'Pastel de Toffe ', '2019-05-09 18:58:19', '2019-05-09 18:58:19'),
(6, 'capuccino mousse', 20, 10, 'http://127.0.0.1:8000/imagenes/6.jpg', '3.25', 'capuccino mousse ', '2019-05-09 18:58:19', '2019-05-09 18:58:19'),
(7, 'Cardenalito con fresas', 20, 6, 'http://127.0.0.1:8000/imagenes/7.jpg', '2.99', 'Cardenalito con fresas ', '2019-05-09 18:58:19', '2019-05-09 18:58:19'),
(8, 'Creme Brulee', 20, 5, 'http://127.0.0.1:8000/imagenes/8.jpg', '3.60', 'Creme Brulee ', '2019-05-09 18:58:19', '2019-05-09 18:58:19'),
(9, 'Pie de Manzana', 20, 6, 'http://127.0.0.1:8000/imagenes/9.jpg', '3.35', 'Pie de Manzana ', '2019-05-09 18:58:19', '2019-05-09 18:58:19'),
(10, 'Flan Cubano', 20, 7, 'http://127.0.0.1:8000/imagenes/10.jpg', '3.00', 'Flan Cubano ', '2019-05-09 18:58:19', '2019-05-09 18:58:19'),
(11, 'Fresas con Crema', 20, 7, 'http://127.0.0.1:8000/imagenes/11.jpg', '3.00', 'Fresas con Crema ', '2019-05-09 18:58:20', '2019-05-09 18:58:20'),
(12, 'Kahlua', 20, 9, 'http://127.0.0.1:8000/imagenes/12.jpg', '10.00', 'Licor de café Mexicano ', '2019-05-09 18:58:20', '2019-05-09 18:58:20'),
(13, 'Macadamia Nut Pie', 20, 6, 'http://127.0.0.1:8000/imagenes/13.jpg', '3.00', 'Macadamia Nut Pie ', '2019-05-09 18:58:20', '2019-05-09 18:58:20'),
(14, 'Mousse de Chocolate', 20, 6, 'http://127.0.0.1:8000/imagenes/14.jpg', '3.00', 'Mousse de Chocolate ', '2019-05-09 18:58:20', '2019-05-09 18:58:20'),
(15, 'Cheesecake de Oreo', 20, 6, 'http://127.0.0.1:8000/imagenes/15.jpg', '3.00', 'Cheesecake de Oreo ', '2019-05-09 18:58:20', '2019-05-09 18:58:20'),
(16, 'Pie de Higo', 20, 6, 'http://127.0.0.1:8000/imagenes/16.jpg', '3.00', 'Pie de Higo ', '2019-05-09 18:58:20', '2019-05-09 18:58:20'),
(17, 'Tartaleta de Fresa', 20, 5, 'http://127.0.0.1:8000/imagenes/17.jpg', '3.00', 'Tartaleta de Fresa ', '2019-05-09 18:58:20', '2019-05-09 18:58:20'),
(18, 'Tartaleta de manzana', 20, 5, 'http://127.0.0.1:8000/imagenes/18.jpg', '3.00', 'Tartaleta de manzana ', '2019-05-09 18:58:20', '2019-05-09 18:58:20'),
(19, 'Tartaleta de melocotón', 20, 5, 'http://127.0.0.1:8000/imagenes/19.jpg', '3.00', 'Tartaleta de melocotón ', '2019-05-09 18:58:20', '2019-05-09 18:58:20'),
(20, 'Tartaleta lemoncello', 20, 5, 'http://127.0.0.1:8000/imagenes/20.jpg', '3.00', 'Tartaleta lemoncello ', '2019-05-09 18:58:20', '2019-05-09 18:58:20'),
(21, 'Tartaleta tropical', 20, 5, 'http://127.0.0.1:8000/imagenes/21.jpg', '3.00', 'Tartaleta tropical ', '2019-05-09 18:58:20', '2019-05-09 18:58:20'),
(22, 'Tiramisu', 20, 7, 'http://127.0.0.1:8000/imagenes/22.jpg', '3.00', 'Tiramizu ', '2019-05-09 18:58:20', '2019-05-09 18:58:20'),
(23, 'Torta Chilena', 20, 7, 'http://127.0.0.1:8000/imagenes/23.jpg', '3.00', 'Torta Chilena ', '2019-05-09 18:58:20', '2019-05-09 18:58:20'),
(24, 'Zebra de caramelo', 20, 7, 'http://127.0.0.1:8000/imagenes/24.jpg', '3.00', 'Zebra de caramelo ', '2019-05-09 18:58:20', '2019-05-09 18:58:20'),
(25, 'Tartaleta de banano', 20, 5, 'http://127.0.0.1:8000/imagenes/25.jpg', '3.00', 'Tartaleta de banano ', '2019-05-09 18:58:20', '2019-05-09 18:58:20'),
(26, 'Tartaleta de limón', 20, 5, 'http://127.0.0.1:8000/imagenes/26.jpg', '3.00', 'Tartaleta de limón ', '2019-05-09 18:58:20', '2019-05-09 18:58:20'),
(27, 'Caramel Latte Frio', 20, 9, 'http://127.0.0.1:8000/imagenes/27.jpg', '3.00', 'Caramel Latte Frio ', '2019-05-09 18:58:20', '2019-05-09 18:58:20'),
(28, 'Vainilla latte Frio', 20, 9, 'http://127.0.0.1:8000/imagenes/28.jpg', '3.00', 'Vainilla latte Frio ', '2019-05-09 18:58:20', '2019-05-09 18:58:20'),
(29, 'Te frío natural', 20, 9, 'http://127.0.0.1:8000/imagenes/29.jpg', '3.00', 'Te frío natural ', '2019-05-09 18:58:20', '2019-05-09 18:58:20'),
(30, 'Horchata', 20, 9, 'http://127.0.0.1:8000/imagenes/30.jpg', '3.00', 'Horchata ', '2019-05-09 18:58:20', '2019-05-09 18:58:20'),
(31, 'Frozen de Horchata', 20, 9, 'http://127.0.0.1:8000/imagenes/31.jpg', '3.00', 'Frozen de Horchata ', '2019-05-09 18:58:20', '2019-05-09 18:58:20'),
(32, 'Coca Cola', 20, 9, 'http://127.0.0.1:8000/imagenes/32.jpg', '1.50', 'Coca Cola ', '2019-05-09 18:58:20', '2019-05-09 18:58:20'),
(33, 'Fanta ', 20, 9, 'http://127.0.0.1:8000/imagenes/33.jpg', '1.50', 'Fanta  ', '2019-05-09 18:58:20', '2019-05-09 18:58:20'),
(34, 'Tropical Fresa', 20, 9, 'http://127.0.0.1:8000/imagenes/35.jpg', '1.50', 'Tropical Fresa ', '2019-05-09 18:58:20', '2019-05-09 18:58:20'),
(35, 'Kolashampan', 20, 9, 'http://127.0.0.1:8000/imagenes/36.jpg', '1.00', 'Kolashampan ', '2019-05-09 18:58:20', '2019-05-09 18:58:20'),
(36, 'Jugo de naranja', 20, 9, 'http://127.0.0.1:8000/imagenes/37.jpg', '2.50', 'Jugo de naranja ', '2019-05-09 18:58:20', '2019-05-09 18:58:20'),
(37, 'Limonada Natural', 20, 9, 'http://127.0.0.1:8000/imagenes/38.jpg', '2.50', 'Limonada Natural ', '2019-05-09 18:58:20', '2019-05-09 18:58:20'),
(38, 'Rosa de Jamaica', 20, 9, 'http://127.0.0.1:8000/imagenes/39.jpg', '2.50', 'Rosa de Jamaica ', '2019-05-09 18:58:20', '2019-05-09 18:58:20'),
(39, 'Limonada con soda', 20, 9, 'http://127.0.0.1:8000/imagenes/40.jpg', '2.50', 'Limonada con soda ', '2019-05-09 18:58:20', '2019-05-09 18:58:20'),
(40, 'Jugo de zanahoria', 20, 9, 'http://127.0.0.1:8000/imagenes/41.jpg', '2.50', 'Jugo de zanahoria ', '2019-05-09 18:58:20', '2019-05-09 18:58:20'),
(41, 'Frozen de fresa', 20, 9, 'http://127.0.0.1:8000/imagenes/42.jpg', '3.00', 'Frozen ', '2019-05-09 18:58:20', '2019-05-09 18:58:20'),
(42, 'Smoothie Banana-fresa', 20, 9, 'http://127.0.0.1:8000/imagenes/43.jpg', '3.00', 'Smoothie ', '2019-05-09 18:58:20', '2019-05-09 18:58:20'),
(43, 'Piña colada', 20, 9, 'http://127.0.0.1:8000/imagenes/44.jpg', '3.00', 'Piña colada ', '2019-05-09 18:58:20', '2019-05-09 18:58:20'),
(44, 'Café Americano', 20, 10, 'http://127.0.0.1:8000/imagenes/45.jpg', '3.50', 'Café Americano ', '2019-05-09 18:58:20', '2019-05-09 18:58:20'),
(45, 'Café Latte', 20, 10, 'http://127.0.0.1:8000/imagenes/46.jpg', '3.50', 'Café Latte ', '2019-05-09 18:58:20', '2019-05-09 18:58:20'),
(46, 'Capuccino Moccha', 20, 10, 'http://127.0.0.1:8000/imagenes/47.jpg', '3.50', 'Capuccino Moccha ', '2019-05-09 18:58:20', '2019-05-09 18:58:20'),
(47, 'Capuccino Royal', 20, 10, 'http://127.0.0.1:8000/imagenes/48.jpg', '3.50', 'Capuccino Royal ', '2019-05-09 18:58:20', '2019-05-09 18:58:20'),
(48, 'Te Caliente', 20, 10, 'http://127.0.0.1:8000/imagenes/49.jpg', '3.50', 'Te Caliente ', '2019-05-09 18:58:20', '2019-05-09 18:58:20'),
(49, 'Vainilla latte', 20, 10, 'http://127.0.0.1:8000/imagenes/50.jpg', '3.50', 'Vainilla latte ', '2019-05-09 18:58:20', '2019-05-09 18:58:20'),
(50, 'Pan Francés', 20, 4, 'http://127.0.0.1:8000/imagenes/51.jpg', '1.00', 'Pan Francés ', '2019-05-09 18:58:20', '2019-05-09 18:58:20'),
(51, 'Semita', 20, 8, 'http://127.0.0.1:8000/imagenes/52.jpg', '0.75', 'Semita ', '2019-05-09 18:58:20', '2019-05-09 18:58:20');

-- --------------------------------------------------------

--
-- Table structure for table `proveedores`
--

CREATE TABLE `proveedores` (
  `id` int(10) UNSIGNED NOT NULL,
  `nombre_proveedor` varchar(191) COLLATE utf8mb4_unicode_ci NOT NULL
) ENGINE=InnoDB DEFAULT CHARSET=utf8mb4 COLLATE=utf8mb4_unicode_ci;

--
-- Dumping data for table `proveedores`
--

INSERT INTO `proveedores` (`id`, `nombre_proveedor`) VALUES
(1, 'Proveedoruno'),
(2, 'Proveedordos'),
(3, 'Proveedortres'),
(4, 'Proveedorcuatro'),
(5, 'Proveedor 5'),
(6, 'Proveedorseis'),
(7, 'Proveedorsiete');

-- --------------------------------------------------------

--
-- Table structure for table `receta`
--

CREATE TABLE `receta` (
  `id` int(10) UNSIGNED NOT NULL,
  `producto_id` int(10) UNSIGNED NOT NULL,
  `created_at` timestamp NULL DEFAULT NULL,
  `updated_at` timestamp NULL DEFAULT NULL
) ENGINE=InnoDB DEFAULT CHARSET=utf8mb4 COLLATE=utf8mb4_unicode_ci;

-- --------------------------------------------------------

--
-- Table structure for table `roles`
--

CREATE TABLE `roles` (
  `id` int(10) UNSIGNED NOT NULL,
  `name` varchar(191) COLLATE utf8mb4_unicode_ci NOT NULL,
  `slug` varchar(191) COLLATE utf8mb4_unicode_ci NOT NULL,
  `description` text COLLATE utf8mb4_unicode_ci,
  `created_at` timestamp NULL DEFAULT NULL,
  `updated_at` timestamp NULL DEFAULT NULL,
  `special` enum('all-access','no-access') COLLATE utf8mb4_unicode_ci DEFAULT NULL
) ENGINE=InnoDB DEFAULT CHARSET=utf8mb4 COLLATE=utf8mb4_unicode_ci;

--
-- Dumping data for table `roles`
--

INSERT INTO `roles` (`id`, `name`, `slug`, `description`, `created_at`, `updated_at`, `special`) VALUES
(1, 'Administrador', 'administrador', NULL, NULL, NULL, 'all-access'),
(2, 'Empleado', 'empleado', NULL, NULL, NULL, NULL),
(3, 'Contador', 'contador', NULL, NULL, NULL, NULL),
(4, 'Cliente', 'cliente', NULL, NULL, NULL, NULL);

-- --------------------------------------------------------

--
-- Table structure for table `role_user`
--

CREATE TABLE `role_user` (
  `id` int(10) UNSIGNED NOT NULL,
  `role_id` int(10) UNSIGNED NOT NULL,
  `user_id` int(10) UNSIGNED NOT NULL,
  `created_at` timestamp NULL DEFAULT NULL,
  `updated_at` timestamp NULL DEFAULT NULL
) ENGINE=InnoDB DEFAULT CHARSET=utf8mb4 COLLATE=utf8mb4_unicode_ci;

--
-- Dumping data for table `role_user`
--

INSERT INTO `role_user` (`id`, `role_id`, `user_id`, `created_at`, `updated_at`) VALUES
(1, 1, 1, NULL, NULL);

-- --------------------------------------------------------

--
-- Table structure for table `users`
--

CREATE TABLE `users` (
  `id` int(10) UNSIGNED NOT NULL,
  `primerNombre` varchar(191) COLLATE utf8mb4_unicode_ci NOT NULL,
  `segundoNombre` varchar(191) COLLATE utf8mb4_unicode_ci DEFAULT NULL,
  `primerApellido` varchar(191) COLLATE utf8mb4_unicode_ci NOT NULL,
  `segundoApellido` varchar(191) COLLATE utf8mb4_unicode_ci DEFAULT NULL,
  `username` varchar(191) COLLATE utf8mb4_unicode_ci NOT NULL,
  `email` varchar(50) COLLATE utf8mb4_unicode_ci NOT NULL,
  `direccion` varchar(100) COLLATE utf8mb4_unicode_ci DEFAULT NULL,
  `sexo` enum('M','F') COLLATE utf8mb4_unicode_ci NOT NULL,
  `email_verified_at` timestamp NULL DEFAULT NULL,
  `password` varchar(191) COLLATE utf8mb4_unicode_ci NOT NULL,
  `tarjeta_credito` varchar(191) COLLATE utf8mb4_unicode_ci DEFAULT NULL,
  `es_cliente` tinyint(1) NOT NULL DEFAULT '1',
  `remember_token` varchar(100) COLLATE utf8mb4_unicode_ci DEFAULT NULL,
  `created_at` timestamp NULL DEFAULT NULL,
  `updated_at` timestamp NULL DEFAULT NULL
) ENGINE=InnoDB DEFAULT CHARSET=utf8mb4 COLLATE=utf8mb4_unicode_ci;

--
-- Dumping data for table `users`
--

INSERT INTO `users` (`id`, `primerNombre`, `segundoNombre`, `primerApellido`, `segundoApellido`, `username`, `email`, `direccion`, `sexo`, `email_verified_at`, `password`, `tarjeta_credito`, `es_cliente`, `remember_token`, `created_at`, `updated_at`) VALUES
(1, 'administrador', 'administrador', 'administrador', 'administrador', 'admin', 'panaderia@panaderia.com', 'Panaderia', 'M', NULL, '$2y$10$l5JLgpIkPUd0GUVQDhBkoOGgMREbfOXH6GQMpznn0RMyemf.w5MYi', NULL, 0, NULL, '2019-05-09 18:58:19', '2019-05-09 18:58:19'),
(2, 'Brandon Rosenbaum MD', 'Jarod Farrell', 'Loraine Kautzer PhD', 'Mikayla Blick PhD', 'Lester Prosacco II', 'fleta84@example.com', 'Panaderia', 'M', NULL, '$2y$10$TKh8H1.PfQx37YgCzwiKb.KjNyWgaHb9cbcoQgdIVFlYg7B77UdFm', NULL, 1, 'sZa0PgHxdf', '2019-05-09 18:58:19', '2019-05-09 18:58:19'),
(3, 'Rowan Wuckert', 'Prof. Savion O\'Conner', 'Carolina Dickinson', 'Audra Weber', 'Mr. Kaleigh Thompson IV', 'mosciski.phoebe@example.net', 'Panaderia', 'M', NULL, '$2y$10$TKh8H1.PfQx37YgCzwiKb.KjNyWgaHb9cbcoQgdIVFlYg7B77UdFm', NULL, 1, 'OdAuCnS8wM', '2019-05-09 18:58:19', '2019-05-09 18:58:19'),
(4, 'Jaida O\'Kon IV', 'Mrs. Antonina Mueller', 'Mrs. Clarabelle Upton II', 'Erik Johnson', 'Prof. Russel Daugherty', 'ebert.chanelle@example.net', 'Panaderia', 'M', NULL, '$2y$10$TKh8H1.PfQx37YgCzwiKb.KjNyWgaHb9cbcoQgdIVFlYg7B77UdFm', NULL, 1, 'zwAAAAeQMp', '2019-05-09 18:58:19', '2019-05-09 18:58:19'),
(5, 'Jeramie Mohr', 'Dominic Auer', 'Kayley Berge', 'Dr. Colby Fritsch', 'Dr. Myron Larson', 'valentine.franecki@example.net', 'Panaderia', 'M', NULL, '$2y$10$TKh8H1.PfQx37YgCzwiKb.KjNyWgaHb9cbcoQgdIVFlYg7B77UdFm', NULL, 1, 'Tu0vMO18fW', '2019-05-09 18:58:19', '2019-05-09 18:58:19'),
(6, 'Garrick Schowalter Sr.', 'Prof. Newell Pfannerstill', 'Caleigh O\'Reilly', 'Jessyca Kiehn', 'Luciano Steuber', 'howe.mia@example.org', 'Panaderia', 'M', NULL, '$2y$10$TKh8H1.PfQx37YgCzwiKb.KjNyWgaHb9cbcoQgdIVFlYg7B77UdFm', NULL, 1, 'LItHf6Qk4k', '2019-05-09 18:58:19', '2019-05-09 18:58:19'),
(7, 'Mariela Franecki', 'Rae Kerluke PhD', 'Loma Jones', 'Estevan Conroy', 'Prof. June Barton', 'brice29@example.com', 'Panaderia', 'M', NULL, '$2y$10$TKh8H1.PfQx37YgCzwiKb.KjNyWgaHb9cbcoQgdIVFlYg7B77UdFm', NULL, 1, '7A9maC3kgj', '2019-05-09 18:58:19', '2019-05-09 18:58:19'),
(8, 'Lou Runolfsdottir', 'Bernadette Hermann DDS', 'Ryder Mosciski', 'Isobel Volkman', 'Brisa Auer V', 'kailey50@example.org', 'Panaderia', 'M', NULL, '$2y$10$TKh8H1.PfQx37YgCzwiKb.KjNyWgaHb9cbcoQgdIVFlYg7B77UdFm', NULL, 1, 'LkpZQE6QLW', '2019-05-09 18:58:19', '2019-05-09 18:58:19'),
(9, 'Mr. Oswaldo Lueilwitz DVM', 'Dr. Keyshawn Rath', 'Robb Padberg', 'Isaiah Donnelly III', 'Mrs. Elza Gutkowski', 'bbernier@example.net', 'Panaderia', 'M', NULL, '$2y$10$TKh8H1.PfQx37YgCzwiKb.KjNyWgaHb9cbcoQgdIVFlYg7B77UdFm', NULL, 1, 'dxon6FDL8O', '2019-05-09 18:58:19', '2019-05-09 18:58:19'),
(10, 'Holly Cartwright', 'Dr. Alene Zemlak V', 'Tatum Marvin', 'Marcus Ebert', 'Blaze Jacobs', 'huel.layne@example.net', 'Panaderia', 'M', NULL, '$2y$10$TKh8H1.PfQx37YgCzwiKb.KjNyWgaHb9cbcoQgdIVFlYg7B77UdFm', NULL, 1, 'EiUCsHhEi3', '2019-05-09 18:58:19', '2019-05-09 18:58:19'),
(11, 'Chad Waters', 'Eloy Lesch', 'Sigurd Daniel PhD', 'Anastacio Bode', 'Domenico Walsh', 'leuschke.irwin@example.org', 'Panaderia', 'M', NULL, '$2y$10$TKh8H1.PfQx37YgCzwiKb.KjNyWgaHb9cbcoQgdIVFlYg7B77UdFm', NULL, 1, 'HDCkzV1MPL', '2019-05-09 18:58:19', '2019-05-09 18:58:19'),
(12, 'Leilani Dare', 'Ms. Margarete Mayert', 'Mrs. Aileen Legros', 'Lorena Pollich', 'Maximilian Hayes', 'keira92@example.org', 'Panaderia', 'M', NULL, '$2y$10$TKh8H1.PfQx37YgCzwiKb.KjNyWgaHb9cbcoQgdIVFlYg7B77UdFm', NULL, 1, '32b59Lgzsv', '2019-05-09 18:58:19', '2019-05-09 18:58:19'),
(13, 'Norene Kuhlman', 'Conrad Haag', 'Madeline Cassin', 'Boris Christiansen', 'Cicero Rutherford', 'qvon@example.org', 'Panaderia', 'M', NULL, '$2y$10$TKh8H1.PfQx37YgCzwiKb.KjNyWgaHb9cbcoQgdIVFlYg7B77UdFm', NULL, 1, 'OlJkLRpef7', '2019-05-09 18:58:19', '2019-05-09 18:58:19'),
(14, 'Madyson Homenick', 'Miss Theresa Senger', 'Haylee Willms', 'Sasha Doyle', 'Arely Gorczany', 'block.krystel@example.org', 'Panaderia', 'M', NULL, '$2y$10$TKh8H1.PfQx37YgCzwiKb.KjNyWgaHb9cbcoQgdIVFlYg7B77UdFm', NULL, 1, '2Ut0bgsct9', '2019-05-09 18:58:19', '2019-05-09 18:58:19'),
(15, 'Agustina Cummerata', 'Darrion Hills', 'Hertha McKenzie', 'Chadrick O\'Hara', 'Natalia Emmerich', 'shanahan.amelie@example.org', 'Panaderia', 'M', NULL, '$2y$10$TKh8H1.PfQx37YgCzwiKb.KjNyWgaHb9cbcoQgdIVFlYg7B77UdFm', NULL, 1, 'gpKCtagmWG', '2019-05-09 18:58:19', '2019-05-09 18:58:19'),
(16, 'Prof. Clare Dach DDS', 'Kaelyn Runolfsson', 'Mr. Graham Ziemann', 'Kaelyn Hermann', 'Briana Schmidt', 'bayer.major@example.org', 'Panaderia', 'M', NULL, '$2y$10$TKh8H1.PfQx37YgCzwiKb.KjNyWgaHb9cbcoQgdIVFlYg7B77UdFm', NULL, 1, 'g2xhb34Inc', '2019-05-09 18:58:19', '2019-05-09 18:58:19');

--
-- Indexes for dumped tables
--

--
-- Indexes for table `categorias`
--
ALTER TABLE `categorias`
  ADD PRIMARY KEY (`id`);

--
-- Indexes for table `compras`
--
ALTER TABLE `compras`
  ADD PRIMARY KEY (`id`),
  ADD KEY `compras_materia_prima_id_foreign` (`materia_prima_id`),
  ADD KEY `compras_proveedor_id_foreign` (`proveedor_id`);

--
-- Indexes for table `detalles_orden`
--
ALTER TABLE `detalles_orden`
  ADD PRIMARY KEY (`id`),
  ADD KEY `detalles_orden_orden_id_foreign` (`orden_id`),
  ADD KEY `detalles_orden_producto_id_foreign` (`producto_id`);

--
-- Indexes for table `detalle_lote`
--
ALTER TABLE `detalle_lote`
  ADD PRIMARY KEY (`id`),
  ADD KEY `detalle_lote_id_lote_foreign` (`id_lote`);

--
-- Indexes for table `detalle_receta`
--
ALTER TABLE `detalle_receta`
  ADD PRIMARY KEY (`id`),
  ADD KEY `detalle_receta_receta_id_foreign` (`receta_id`),
  ADD KEY `detalle_receta_materiaprima_id_foreign` (`materiaPrima_id`);

--
-- Indexes for table `lote`
--
ALTER TABLE `lote`
  ADD PRIMARY KEY (`id`),
  ADD KEY `lote_producto_id_foreign` (`producto_id`),
  ADD KEY `lote_proveedor_id_foreign` (`proveedor_id`);

--
-- Indexes for table `materia_prima`
--
ALTER TABLE `materia_prima`
  ADD PRIMARY KEY (`id`);

--
-- Indexes for table `mesas`
--
ALTER TABLE `mesas`
  ADD PRIMARY KEY (`id`),
  ADD UNIQUE KEY `mesas_codigo_mesa_unique` (`codigo_mesa`);

--
-- Indexes for table `migrations`
--
ALTER TABLE `migrations`
  ADD PRIMARY KEY (`id`);

--
-- Indexes for table `ordenes`
--
ALTER TABLE `ordenes`
  ADD PRIMARY KEY (`id`),
  ADD KEY `ordenes_mesa_id_foreign` (`mesa_id`),
  ADD KEY `ordenes_user_id_foreign` (`user_id`);

--
-- Indexes for table `pagos`
--
ALTER TABLE `pagos`
  ADD PRIMARY KEY (`id`),
  ADD KEY `pagos_orden_id_foreign` (`orden_id`);

--
-- Indexes for table `password_resets`
--
ALTER TABLE `password_resets`
  ADD KEY `password_resets_email_index` (`email`);

--
-- Indexes for table `permissions`
--
ALTER TABLE `permissions`
  ADD PRIMARY KEY (`id`),
  ADD UNIQUE KEY `permissions_slug_unique` (`slug`);

--
-- Indexes for table `permission_role`
--
ALTER TABLE `permission_role`
  ADD PRIMARY KEY (`id`),
  ADD KEY `permission_role_permission_id_index` (`permission_id`),
  ADD KEY `permission_role_role_id_index` (`role_id`);

--
-- Indexes for table `permission_user`
--
ALTER TABLE `permission_user`
  ADD PRIMARY KEY (`id`),
  ADD KEY `permission_user_permission_id_index` (`permission_id`),
  ADD KEY `permission_user_user_id_index` (`user_id`);

--
-- Indexes for table `productos`
--
ALTER TABLE `productos`
  ADD PRIMARY KEY (`id`),
  ADD KEY `productos_categoria_id_foreign` (`categoria_id`);

--
-- Indexes for table `proveedores`
--
ALTER TABLE `proveedores`
  ADD PRIMARY KEY (`id`);

--
-- Indexes for table `receta`
--
ALTER TABLE `receta`
  ADD PRIMARY KEY (`id`),
  ADD KEY `receta_producto_id_foreign` (`producto_id`);

--
-- Indexes for table `roles`
--
ALTER TABLE `roles`
  ADD PRIMARY KEY (`id`),
  ADD UNIQUE KEY `roles_name_unique` (`name`),
  ADD UNIQUE KEY `roles_slug_unique` (`slug`);

--
-- Indexes for table `role_user`
--
ALTER TABLE `role_user`
  ADD PRIMARY KEY (`id`),
  ADD KEY `role_user_role_id_index` (`role_id`),
  ADD KEY `role_user_user_id_index` (`user_id`);

--
-- Indexes for table `users`
--
ALTER TABLE `users`
  ADD PRIMARY KEY (`id`),
  ADD UNIQUE KEY `users_email_unique` (`email`);

--
-- AUTO_INCREMENT for dumped tables
--

--
-- AUTO_INCREMENT for table `categorias`
--
ALTER TABLE `categorias`
  MODIFY `id` int(10) UNSIGNED NOT NULL AUTO_INCREMENT, AUTO_INCREMENT=11;

--
-- AUTO_INCREMENT for table `compras`
--
ALTER TABLE `compras`
  MODIFY `id` int(10) UNSIGNED NOT NULL AUTO_INCREMENT, AUTO_INCREMENT=40;

--
-- AUTO_INCREMENT for table `detalles_orden`
--
ALTER TABLE `detalles_orden`
  MODIFY `id` int(10) UNSIGNED NOT NULL AUTO_INCREMENT, AUTO_INCREMENT=151;

--
-- AUTO_INCREMENT for table `detalle_lote`
--
ALTER TABLE `detalle_lote`
  MODIFY `id` int(10) UNSIGNED NOT NULL AUTO_INCREMENT;

--
-- AUTO_INCREMENT for table `detalle_receta`
--
ALTER TABLE `detalle_receta`
  MODIFY `id` int(10) UNSIGNED NOT NULL AUTO_INCREMENT;

--
-- AUTO_INCREMENT for table `lote`
--
ALTER TABLE `lote`
  MODIFY `id` int(10) UNSIGNED NOT NULL AUTO_INCREMENT, AUTO_INCREMENT=101;

--
-- AUTO_INCREMENT for table `materia_prima`
--
ALTER TABLE `materia_prima`
  MODIFY `id` int(10) UNSIGNED NOT NULL AUTO_INCREMENT, AUTO_INCREMENT=6;

--
-- AUTO_INCREMENT for table `mesas`
--
ALTER TABLE `mesas`
  MODIFY `id` int(10) UNSIGNED NOT NULL AUTO_INCREMENT, AUTO_INCREMENT=11;

--
-- AUTO_INCREMENT for table `migrations`
--
ALTER TABLE `migrations`
  MODIFY `id` int(10) UNSIGNED NOT NULL AUTO_INCREMENT, AUTO_INCREMENT=22;

--
-- AUTO_INCREMENT for table `ordenes`
--
ALTER TABLE `ordenes`
  MODIFY `id` int(10) UNSIGNED NOT NULL AUTO_INCREMENT, AUTO_INCREMENT=101;

--
-- AUTO_INCREMENT for table `pagos`
--
ALTER TABLE `pagos`
  MODIFY `id` int(10) UNSIGNED NOT NULL AUTO_INCREMENT, AUTO_INCREMENT=101;

--
-- AUTO_INCREMENT for table `permissions`
--
ALTER TABLE `permissions`
  MODIFY `id` int(10) UNSIGNED NOT NULL AUTO_INCREMENT, AUTO_INCREMENT=12;

--
-- AUTO_INCREMENT for table `permission_role`
--
ALTER TABLE `permission_role`
  MODIFY `id` int(10) UNSIGNED NOT NULL AUTO_INCREMENT, AUTO_INCREMENT=21;

--
-- AUTO_INCREMENT for table `permission_user`
--
ALTER TABLE `permission_user`
  MODIFY `id` int(10) UNSIGNED NOT NULL AUTO_INCREMENT;

--
-- AUTO_INCREMENT for table `productos`
--
ALTER TABLE `productos`
  MODIFY `id` int(10) UNSIGNED NOT NULL AUTO_INCREMENT, AUTO_INCREMENT=52;

--
-- AUTO_INCREMENT for table `proveedores`
--
ALTER TABLE `proveedores`
  MODIFY `id` int(10) UNSIGNED NOT NULL AUTO_INCREMENT, AUTO_INCREMENT=8;

--
-- AUTO_INCREMENT for table `receta`
--
ALTER TABLE `receta`
  MODIFY `id` int(10) UNSIGNED NOT NULL AUTO_INCREMENT;

--
-- AUTO_INCREMENT for table `roles`
--
ALTER TABLE `roles`
  MODIFY `id` int(10) UNSIGNED NOT NULL AUTO_INCREMENT, AUTO_INCREMENT=5;

--
-- AUTO_INCREMENT for table `role_user`
--
ALTER TABLE `role_user`
  MODIFY `id` int(10) UNSIGNED NOT NULL AUTO_INCREMENT, AUTO_INCREMENT=2;

--
-- AUTO_INCREMENT for table `users`
--
ALTER TABLE `users`
  MODIFY `id` int(10) UNSIGNED NOT NULL AUTO_INCREMENT, AUTO_INCREMENT=17;

--
-- Constraints for dumped tables
--

--
-- Constraints for table `compras`
--
ALTER TABLE `compras`
  ADD CONSTRAINT `compras_materia_prima_id_foreign` FOREIGN KEY (`materia_prima_id`) REFERENCES `materia_prima` (`id`),
  ADD CONSTRAINT `compras_proveedor_id_foreign` FOREIGN KEY (`proveedor_id`) REFERENCES `proveedores` (`id`);

--
-- Constraints for table `detalles_orden`
--
ALTER TABLE `detalles_orden`
  ADD CONSTRAINT `detalles_orden_orden_id_foreign` FOREIGN KEY (`orden_id`) REFERENCES `ordenes` (`id`) ON DELETE CASCADE,
  ADD CONSTRAINT `detalles_orden_producto_id_foreign` FOREIGN KEY (`producto_id`) REFERENCES `productos` (`id`);

--
-- Constraints for table `detalle_lote`
--
ALTER TABLE `detalle_lote`
  ADD CONSTRAINT `detalle_lote_id_lote_foreign` FOREIGN KEY (`id_lote`) REFERENCES `lote` (`id`);

--
-- Constraints for table `detalle_receta`
--
ALTER TABLE `detalle_receta`
  ADD CONSTRAINT `detalle_receta_materiaprima_id_foreign` FOREIGN KEY (`materiaPrima_id`) REFERENCES `materia_prima` (`id`),
  ADD CONSTRAINT `detalle_receta_receta_id_foreign` FOREIGN KEY (`receta_id`) REFERENCES `receta` (`id`);

--
-- Constraints for table `lote`
--
ALTER TABLE `lote`
  ADD CONSTRAINT `lote_producto_id_foreign` FOREIGN KEY (`producto_id`) REFERENCES `productos` (`id`),
  ADD CONSTRAINT `lote_proveedor_id_foreign` FOREIGN KEY (`proveedor_id`) REFERENCES `proveedores` (`id`);

--
-- Constraints for table `ordenes`
--
ALTER TABLE `ordenes`
  ADD CONSTRAINT `ordenes_mesa_id_foreign` FOREIGN KEY (`mesa_id`) REFERENCES `mesas` (`id`),
  ADD CONSTRAINT `ordenes_user_id_foreign` FOREIGN KEY (`user_id`) REFERENCES `users` (`id`);

--
-- Constraints for table `pagos`
--
ALTER TABLE `pagos`
  ADD CONSTRAINT `pagos_orden_id_foreign` FOREIGN KEY (`orden_id`) REFERENCES `ordenes` (`id`);

--
-- Constraints for table `permission_role`
--
ALTER TABLE `permission_role`
  ADD CONSTRAINT `permission_role_permission_id_foreign` FOREIGN KEY (`permission_id`) REFERENCES `permissions` (`id`) ON DELETE CASCADE,
  ADD CONSTRAINT `permission_role_role_id_foreign` FOREIGN KEY (`role_id`) REFERENCES `roles` (`id`) ON DELETE CASCADE;

--
-- Constraints for table `permission_user`
--
ALTER TABLE `permission_user`
  ADD CONSTRAINT `permission_user_permission_id_foreign` FOREIGN KEY (`permission_id`) REFERENCES `permissions` (`id`) ON DELETE CASCADE,
  ADD CONSTRAINT `permission_user_user_id_foreign` FOREIGN KEY (`user_id`) REFERENCES `users` (`id`) ON DELETE CASCADE;

--
-- Constraints for table `productos`
--
ALTER TABLE `productos`
  ADD CONSTRAINT `productos_categoria_id_foreign` FOREIGN KEY (`categoria_id`) REFERENCES `categorias` (`id`);

--
-- Constraints for table `receta`
--
ALTER TABLE `receta`
  ADD CONSTRAINT `receta_producto_id_foreign` FOREIGN KEY (`producto_id`) REFERENCES `productos` (`id`);

--
-- Constraints for table `role_user`
--
ALTER TABLE `role_user`
  ADD CONSTRAINT `role_user_role_id_foreign` FOREIGN KEY (`role_id`) REFERENCES `roles` (`id`) ON DELETE CASCADE,
  ADD CONSTRAINT `role_user_user_id_foreign` FOREIGN KEY (`user_id`) REFERENCES `users` (`id`) ON DELETE CASCADE;
COMMIT;

/*!40101 SET CHARACTER_SET_CLIENT=@OLD_CHARACTER_SET_CLIENT */;
/*!40101 SET CHARACTER_SET_RESULTS=@OLD_CHARACTER_SET_RESULTS */;
/*!40101 SET COLLATION_CONNECTION=@OLD_COLLATION_CONNECTION */;
